"word","tweeter","n","total"
"ğŸ”—","BrickSetSearch",177,1285
"#bricks","BrickSetSearch",99,1285
"#lego","BrickSetSearch",99,1285
"#searchncollect","BrickSetSearch",99,1285
"#starwars","BrickSetSearch",93,1285
"#bricksetsearch","BrickSetSearch",83,1285
"#auction","BrickSetSearch",78,1285
"#ebay","BrickSetSearch",78,1285
"#unitedstates","BrickSetSearch",26,1285
"#us","BrickSetSearch",26,1285
"#ad","BrickSetSearch",21,1285
"#amazon","BrickSetSearch",21,1285
"#gb","BrickSetSearch",21,1285
"#unitedkingdom","BrickSetSearch",21,1285
"#sealed","BrickSetSearch",20,1285
"#de","BrickSetSearch",19,1285
"#germany","BrickSetSearch",19,1285
"#ad","PS5only",14,44
"ucs","BrickSetSearch",14,1285
"#lego","BrickFanatics",13,81
"#legostarwars","BrickFanatics",13,81
"#ad","bargains_brick",12,174
"#brickcentral","bargains_brick",12,174
"#bricknetwork","bargains_brick",12,174
"#bricks","bargains_brick",12,174
"#lego","bargains_brick",12,174
"#legobricks","bargains_brick",12,174
"#legocollection","bargains_brick",12,174
"#legocreator","bargains_brick",12,174
"#legominifigs","bargains_brick",12,174
"#minifigure","bargains_brick",12,174
"#au","BrickSetSearch",11,1285
"#australia","BrickSetSearch",11,1285
"#ad","Lego_enthusiast",10,124
"#afol","Lego_enthusiast",10,124
"#lego","Lego_enthusiast",10,124
"#legofan","Lego_enthusiast",10,124
"#legolife","Lego_enthusiast",10,124
"#legomania","Lego_enthusiast",10,124
"#legos","Lego_enthusiast",10,124
"#starwars","BrickFanatics",10,81
"$6999","PS5only",10,44
"910","vgamereviewbot",10,19
"gunship","BrickSetSearch",10,1285
"watchers","Lego_enthusiast",10,124
"#grandshuckett","GrandShuckett",9,18
"#puledotechupdate","puledo",9,27
"#starwars","StarWarsToysan1",9,58
"#technews","puledo",9,27
"#technology","puledo",9,27
"#toys","StarWarsToysan1",9,58
"1010","vgamereviewbot",9,19
"legos","GrandShuckett",9,18
"#diyprojects","empirisch2",8,29
"#findingdiy","empirisch2",8,29
"75060","BrickSetSearch",8,1285
"#lego","collectlegos",7,36
"minifigures","XenaGifts",7,129
"starfighter","BrickSetSearch",7,1285
"starfighter","XenaGifts",7,129
"#lego","AggroGamer",6,18
"#lego","PlayerHud",6,18
"#legos","collectlegos",6,36
"#starwars","AggroGamer",6,18
"#starwars","PlayerHud",6,18
"#videogames","AggroGamer",6,18
"#videogames","PlayerHud",6,18
"ğŸ‘","CallMeWillB",6,6
"actionadventure","StarWarsInforms",6,21
"legothemed","StarWarsInforms",6,21
"mandalorian","BrickSetSearch",6,1285
"trilogy","LEGOStarWarsS2",6,47
"#disney","StarWarsToysan1",5,58
"#lego","legobrickvideos",5,24
"#legofan","collectlegos",5,36
"#legofan","legobrickvideos",5,24
"#legostarwarstheskywalkersaga","BrickFanatics",5,81
"#legovideos","legobrickvideos",5,24
"#lswtss","BrickFanatics",5,81
"collectible","BrickSetSearch",5,1285
"gamescom2021","empirisch2",5,29
"mandalorian","XenaGifts",5,129
"ucs","Lego_enthusiast",5,124
"xwing","BrickSetSearch",5,1285
"#gamescom","PS5only",4,44
"#jedi","StarWarsToysan1",4,58
"#legostarwars","Joker_Alex21",4,13
"#openingnightlive","PS5only",4,44
"#starwars","futureotforce",4,18
"#starwars","JediNewsNetwork",4,23
"#starwars","Joker_Alex21",4,13
"#starwars","swcutscenes",4,21
"$5999","PS5only",4,44
"10236","BrickSetSearch",4,1285
"75159","BrickSetSearch",4,1285
"75243","BrickSetSearch",4,1285
"atat","BrickSetSearch",4,1285
"boxed","PS5only",4,44
"bulk","bargains_brick",4,174
"cbr","BitchinLego",4,30
"cruiser","BuildingToys1",4,68
"ewok","BrickSetSearch",4,1285
"konvolut","BrickSetSearch",4,1285
"millennium","BrickSetSearch",4,1285
"minifigures","BuildingToys1",4,68
"sagas","BitchinLego",4,30
"showcased","PS5only",4,44
"walkthrough","Joker_Alex21",4,13
"#fanthatracks","FanthaTracks",3,15
"#gregcookphotography","GregLCook",3,31
"#gregcooktoyhunter","GregLCook",3,31
"#gregcooktoyphotography","GregLCook",3,31
"#lego","GregLCook",3,31
"#legophoto","GregLCook",3,31
"#legophotographer","GregLCook",3,31
"#legophotography","GregLCook",3,31
"#legophotos","GregLCook",3,31
"#legostarwars","GregLCook",3,31
"#legostarwars","JediNewsNetwork",3,23
"#poshmark","thejessijames",3,15
"#re","bargains_brick",3,174
"#shopmycloset","thejessijames",3,15
"#starwars","FanthaTracks",3,15
"#starwars","OopsAllDrops",3,16
"#swco","swcutscenes",3,21
"|","eDealinfoUSA",3,8
"|","HowToBuildLEGO",3,4
"|","msd3adpool",3,7
"â°","OopsAllDrops",3,16
"Â£12250","bargains_brick",3,174
"Â£7050","Lego_enthusiast",3,124
"359am","bargains_brick",3,174
"512pm","Lego_enthusiast",3,124
"75021","BrickSetSearch",3,1285
"75144","Lego_enthusiast",3,124
"75165","XenaGifts",3,129
"75192","BrickSetSearch",3,1285
"75309","BrickSetSearch",3,1285
"75315","BuildingToys1",3,68
"bnib","BrickSetSearch",3,1285
"â¦ebayretweeterâ©","andrearweir",3,12
"getfandomgaming","empirisch2",3,29
"improvements","BitchinLego",3,30
"legos","bargains_brick",3,174
"minifigures","Lego_enthusiast",3,124
"minifigures","StarWarsToysan1",3,58
"murky","SRFantasyClub",3,3
"playable","LEGOStarWarsS2",3,47
"playerside","BitchinLego",3,30
"scoobydoo","MarnoASMRFan",3,10
"snowspeeder","Lego_enthusiast",3,124
"tempest","PodcastStardust",3,7
"trilogy","ShilohCyan",3,12
"#applearcade","bleedingcool",2,6
"#bricklink","TransPunk_",2,6
"#cutscenes","swcutscenes",2,21
"#darth","WookieeStore",2,10
"#games","TheGamersTemple",2,7
"#gr8prices","gr8prices1",2,16
"#hansolo","gr8prices1",2,16
"#intelgamerdays","itmothee",2,2
"#lego","gr8prices1",2,16
"#lego","pebsi82",2,5
"#lego","pushsquare",2,17
"#lego","swcutscenes",2,21
"#lego","tormentalous",2,10
"#legostarwars","FanthaTracks",2,15
"#legostarwars","gregbarkhamjr",2,7
"#legostarwarsbattles","bleedingcool",2,6
"#ps4","pushsquare",2,17
"#ps5","pushsquare",2,17
"#repost","pushsquare",2,17
"#starwars","alien_merchant",2,15
"#starwars","bleedingcool",2,6
"#starwars","gr8prices1",2,16
"#starwars","gregbarkhamjr",2,7
"#starwars","pushsquare",2,17
"#starwars","tormentalous",2,10
"#starwars","tronprogram2",2,8
"#starwars","WookieeStore",2,10
"#starwarsfans","WookieeStore",2,10
"#tech","bcsn_official",2,10
"#techiewomen","bcsn_official",2,10
"#technie","bcsn_official",2,10
"#technology","bcsn_official",2,10
"#trailers","pushsquare",2,17
"#videogame","swcutscenes",2,21
"#warnerbros","pushsquare",2,17
"+","Hebergementwebs",2,5
"|","eStream_Studios",2,6
"ğŸ­","vincentwilson37",2,2
"ğŸ¤£","kalebhanson0104",2,9
"ğŸ˜","OurCoolFinds",2,5
"$6999","OopsAllDrops",2,16
"$79999","eDealinfoUSA",2,8
"$86772","BigTopApps",2,16
"Â£12750","bargains_brick",2,174
"Â£1297","KayTee15355740",2,15
"Â£4399","AppDropped_UK",2,14
"Â£499","KayTee15355740",2,15
"Â£798","KayTee15355740",2,15
"112am","bargains_brick",2,174
"2000s","ShilohCyan",2,12
"210am","bargains_brick",2,174
"2k21","alliknowispain5",2,2
"33rd","Spicy_NBA_Chili",2,8
"7163","BrickSetSearch",2,1285
"7181","Lego_enthusiast",2,124
"75059","BrickSetSearch",2,1285
"75073","legobrickvideos",2,24
"75104","BrickSetSearch",2,1285
"75105","BrickSetSearch",2,1285
"75149","BrickSetSearch",2,1285
"75155","BrickSetSearch",2,1285
"75188","BrickSetSearch",2,1285
"75192","bargains_brick",2,174
"75207","XenaGifts",2,129
"75243","BuildingToys1",2,68
"75244","BrickSetSearch",2,1285
"75257","BrickSetSearch",2,1285
"75257","XenaGifts",2,129
"75267","KayTee15355740",2,15
"75281","brickscanner",2,15
"75286","XenaGifts",2,129
"75292","BrickSetSearch",2,1285
"75296","XenaGifts",2,129
"75300","BrickSetSearch",2,1285
"75302","AppDropped_UK",2,14
"75312","XenaGifts",2,129
"75316","XenaGifts",2,129
"75318","BrickSetSearch",2,1285
"75535","gr8prices1",2,16
"7959","XenaGifts",2,129
"836pm","Lego_enthusiast",2,124
"9525","BrickSetSearch",2,1285
"actionadventure","timesofesports",2,8
"ahsoka","robinpatrol",2,5
"anakins","brickscanner",2,15
"appleinsider","z4mp1",2,4
"arriving","timesofesports",2,8
"atst","BrickSetSearch",2,1285
"awakens","StarWarsInforms",2,21
"bargain","futureotforce",2,18
"blaster","cultofmac",2,4
"brickbased","BrickFanatics",2,81
"buildable","BrickSetSearch",2,1285
"buildable","gr8prices1",2,16
"bussin","bodichan",2,2
"campy","ShilohCyan",2,12
"cannabonsai","Dirty_Medic",2,6
"caveats","HD_Gamer_84",2,5
"curiosities","LEGOStarWarsS2",2,47
"delaying","ElonMuskFirst",2,4
"derry","karazorlls",2,3
"exclusively","eStream_Studios",2,6
"exclusively","isearch247",2,3
"exclusively","ToyerToys",2,15
"fanatics","BitchinLego",2,30
"fetts","BrickSetSearch",2,1285
"fetts","XenaGifts",2,129
"gamerant","BitchinLego",2,30
"geonosian","XenaGifts",2,129
"geonosis","XenaGifts",2,129
"ghostwire","empirisch2",2,29
"gonk","legofac",2,8
"grievouss","XenaGifts",2,129
"handhelds","Dillian_Criker",2,7
"hideki","legofac",2,8
"igfb","Dirty_Medic",2,6
"indiana","MarnoASMRFan",2,10
"indiana","MikeMonty8",2,4
"indiana","TheLEGObrick_",2,3
"infiltrator","bargains_brick",2,174
"ingame","BricksFanz",2,4
"interceptor","brickscanner",2,15
"interceptor","Lego_enthusiast",2,124
"jedi","PughChief",2,4
"jurassic","Striker__8",2,3
"kirbys","tommy_capozzi",2,5
"kodisnap","TJPhatty",2,4
"legoÂ®","BrickSetSearch",2,1285
"legos","CanonChronicler",2,3
"legos","TheWhirlEBird",2,3
"lepin","WienElch",2,3
"lightsaber","StarWarsToysan1",2,58
"mandalorian","KayTee15355740",2,15
"manualno","XenaGifts",2,129
"mauls","bargains_brick",2,174
"millenium","WookieeStore",2,10
"millennium","bargains_brick",2,174
"millennium","BuildingToys1",2,68
"millennium","futureotforce",2,18
"millennium","XenaGifts",2,129
"minifigure","BuildingToys1",2,68
"minifigure","LEGOStarWarsS2",2,47
"minifigure","StarWarsToysan1",2,58
"minifigures","bargains_brick",2,174
"minifigures","BrickFanatics",2,81
"misinformation","LEGOStarWarsS2",2,47
"mrdirtymedic","Dirty_Medic",2,6
"neuovp","BrickSetSearch",2,1285
"nib","XenaGifts",2,129
"ninji","SMM2_bot",2,13
"nisb","bargains_brick",2,174
"obiwan","robinpatrol",2,5
"paramount","PEBPhotography",2,6
"playdemic","A7ZATRU",2,7
"princesses","BitchinLego",2,30
"rayman","REBELCHILD24",2,2
"realsport101","BitchinLego",2,30
"recreation","robby_weidemann",2,7
"rens","BrickSetSearch",2,1285
"revolve","SMM2_bot",2,13
"sandcrawler","BrickSetSearch",2,1285
"scalped","NameIsFun2Say",2,2
"shoots","cultofmac",2,4
"sith","bargains_brick",2,174
"sith","BrickSetSearch",2,1285
"spaceship","WookieeStore",2,10
"speedrunning","TJPhatty",2,4
"speedruns","SMM2_bot",2,13
"squadron","Keigan37109507",2,5
"starship","BrickSetSearch",2,1285
"starship","XenaGifts",2,129
"tantive","BrickSetSearch",2,1285
"temura","jonathan_simps",2,5
"theyve","ElonMuskFirst",2,4
"thisweekinstarwars","empirisch2",2,29
"trilogy","DependentSpider",2,5
"trilogy","peggles_V8SC",2,7
"trilogy","StarWarsInforms",2,21
"und","BrickSetSearch",2,1285
"unleashed","DarthZilla19",2,5
"variants","LEGOStarWarsS2",2,47
"vizslas","BrickSetSearch",2,1285
"vulture","legobrickvideos",2,24
"xwing","XenaGifts",2,129
"ywing","BrickSetSearch",2,1285
"zavvi","BrickFanatics",2,81
"zavvi","LegoDealsUK",2,14
"#a11y","ManyCatsCIC",1,5
"#accessibility","ManyCatsCIC",1,5
"#action","ToyerToys",1,15
"#ad","GamerStockist",1,10
"#ad","PS5Restocked",1,3
"#ad","Sneaky_Steals",1,7
"#aficionescolombia","revistawhatsup",1,7
"#afol","AntWalker_Cook",1,4
"#afol","promobricks",1,7
"#afol","thisisloudlungs",1,10
"#allisoncroweaugust","MarkinOutLoud",1,4
"#amazon","GamerStockist",1,10
"#amazon","geronimo_73",1,3
"#amazon","mybabychoose",1,18
"#anakinskywalker","CutoutsStar",1,13
"#apple","tech_cheers",1,14
"#apple","TechOnShow",1,8
"#apple","tormentalous",1,10
"#applearcade","allapplearcade",1,1
"#applearcade","appleinsider",1,2
"#applearcade","BoonSlevin",1,9
"#applearcade","HackTheDino",1,5
"#applearcade","technavemy",1,4
"#applearcade","TechOnShow",1,8
"#applearcade","tormentalous",1,10
"#applearcade","z4mp1",1,4
"#arcade","tech_cheers",1,14
"#australia","itechbrand",1,9
"#awing","g00s3y",1,12
"#baby","mybabychoose",1,18
"#baby","ourbabybun",1,5
"#babyboy","mybabychoose",1,18
"#babygirl","mybabychoose",1,18
"#backtherancor","BoresStar",1,12
"#battles","tech_cheers",1,14
"#bb8","StevieBailey",1,6
"#bcm114","cetojevic_dana",1,4
"#bigkid","AntWalker_Cook",1,4
"#birthday","Quinten_Lee",1,4
"#blackfriday","mybabychoose",1,18
"#blog","purehavuk",1,4
"#bobafettfanclub","bobafettfanclub",1,14
"#books","SABooksPro",1,5
"#brandhubb","brandhubbsa",1,13
"#breakingnews","Andhravilasnews",1,3
"#brickmerge","brickmerge",1,8
"#britpodscene","BoresStar",1,12
"#buildablefigure","gr8prices1",1,16
"#canada","itechbrand",1,9
"#caradune","StephenStreaker",1,1
"#cheapskate","CodingJessica",1,3
"#cheers","tech_cheers",1,14
"#christmasgifthour","XChristmasGifts",1,3
"#cloneturbotank","promobricks",1,7
"#collectable","GadgetFlow",1,8
"#collectibles","BigTopApps",1,16
"#collection","BigTopApps",1,16
"#collector","BigTopApps",1,16
"#comics","purehavuk",1,4
"#coolstuff","movietvtechgeek",1,7
"#cosplay","CutoutsStar",1,13
"#currentaffairs","Andhravilasnews",1,3
"#cutscene","swcutscenes",1,21
"#cybermonday","mybabychoose",1,18
"#dailyfett","bobafettfanclub",1,14
"#darthvader","CutoutsStar",1,13
"#dc","BrickSetSearch",1,1285
"#disney","CutoutsStar",1,13
"#disney","gr8prices1",1,16
"#disney","MtthwClmn",1,13
"#disneyplus","MtthwClmn",1,13
"#diy","empirisch2",1,29
"#ebay","SABooksPro",1,5
"#entertainment","ABQSatellite",1,4
"#entertainment","mygpzone",1,4
"#essgaming","ESSGamingHQ",1,4
"#exclusive","BigTopApps",1,16
"#exclusive","tech_cheers",1,14
"#extralife","msd3adpool",1,7
"#family","mybabychoose",1,18
"#fashion","mybabychoose",1,18
"#fathersday","ZingPopCulture",1,6
"#fazeup","SidTheKid0902",1,1
"#fr","BrickSetSearch",1,1285
"#france","BrickSetSearch",1,1285
"#freethenip","gaga52406936",1,1
"#friends","brandhubbsa",1,13
"#funnybirds","olivercgoetz",1,10
"#game","ansiacl",1,4
"#game","beeb1up",1,6
"#game","tech_cheers",1,14
"#gamecompleted","Tuwile2",1,3
"#gamedev","longe_teclado",1,23
"#gameplay","PSUdotcom",1,6
"#gamer","TechOnShow",1,8
"#gamergirls","longe_teclado",1,23
"#games","longe_teclado",1,23
"#games","StarWarsNewsNet",1,5
"#games","the_newsmen",1,10
"#gamescom","alien_merchant",1,15
"#gamescom","Dropthespotlig1",1,2
"#gamescom","ManyCatsCIC",1,5
"#gamescom","PlexReel",1,4
"#gamescom2021","babano22",1,6
"#gamescom2021","Chrome_Dragons",1,4
"#gamescom2021","DropCentr",1,3
"#gamescom2021","Dropthespotlig1",1,2
"#gamescom2021","freakgeek_yt",1,1
"#gamescom2021","GertLushGaming",1,1
"#gamescom2021","imdbee",1,2
"#gamescomsopeningnightlive","alien_merchant",1,15
"#gaming","alien_merchant",1,15
"#gaming","ansiacl",1,4
"#gaming","beeb1up",1,6
"#gaming","Chrome_Dragons",1,4
"#gaming","eStream_Studios",1,6
"#gaming","GltchdLtd",1,2
"#gaming","itechbrand",1,9
"#gaming","mygpzone",1,4
"#gaming","PGNewsHQ",1,6
"#gaming","tech_cheers",1,14
"#gaming","TheGamersTemple",1,7
"#gaming","ToyerToys",1,15
"#gaming","WifeGamers",1,2
"#gaming","xboxworldch",1,9
"#gamingnews","BigJermHQ",1,2
"#gamingnews","InvisionGameCom",1,1
"#gamplay","mygpzone",1,4
"#gifts","mybabychoose",1,18
"#gusandeddy","GuavaDaPengu",1,3
"#hackthedino","HackTheDino",1,5
"#harrypotter","brandhubbsa",1,13
"#highrepublic","dlatusek12",1,6
"#hip","ansiacl",1,4
"#holiday","mybabychoose",1,18
"#holobrickarchive","HoloBrick",1,2
"#homedecor","GadgetFlow",1,8
"#ideas","g00s3y",1,12
"#ifb","KalengarTV",1,1
"#imperiallightcruiser","wickedgadgetry",1,15
"#impfzentrumbraunschweig","RuthHeinzelmann",1,5
"#indie","longe_teclado",1,23
"#indiedev","longe_teclado",1,23
"#indiegame","longe_teclado",1,23
"#indiegames","longe_teclado",1,23
"#instalego","wickedgadgetry",1,15
"#installedgx","UHacker500",1,1
"#intelgamerday","trisael",1,1
"#intelgamerdays","_Jaws14_",1,2
"#intelgamerdays","DabaronDaVinci",1,2
"#intelgamerdays","dignitystream",1,1
"#intelgamerdays","GTechGeorge",1,3
"#intelgamerdays","GuntherFN_",1,1
"#intelgamerdays","ilikemyjojo",1,2
"#intelgamerdays","Jacob_Nee17",1,1
"#intelgamerdays","Mango5741",1,1
"#intelgamerdays","pootatcat",1,2
"#intelgamerdays","SgtDragon",1,2
"#ipad","ToyerToys",1,15
"#iphone","ToyerToys",1,15
"#irl","Gladiator50n",1,3
"#jedi","CutoutsStar",1,13
"#jedinewsnetwork","JediNewsNetwork",1,23
"#justanothertoygroup","bestkidstoysbiz",1,6
"#languageenus","ToyerToys",1,15
"#lego","1up2play",1,6
"#lego","206geek",1,4
"#lego","9To5TechNews",1,3
"#lego","ansiacl",1,4
"#lego","beeb1up",1,6
"#lego","BoonSlevin",1,9
"#lego","brandhubbsa",1,13
"#lego","brickmerge",1,8
"#lego","BrockBowen23",1,5
"#lego","buescues",1,6
"#lego","cetojevic_dana",1,4
"#lego","Chrome_Dragons",1,4
"#lego","clevelandwest",1,3
"#lego","ComicBook",1,2
"#lego","CutoutsStar",1,13
"#lego","FromPage2Screen",1,1
"#lego","FutureboyWho",1,5
"#lego","g00s3y",1,12
"#lego","Game_Fragger",1,2
"#lego","GeekDiscounts",1,3
"#lego","Gingerted1",1,2
"#lego","HackTheDino",1,5
"#lego","IanHopkinson_",1,3
"#lego","itechbrand",1,9
"#lego","JacobsQuest",1,2
"#lego","laughing_place",1,1
"#lego","longe_teclado",1,23
"#lego","LunarSquadron",1,4
"#lego","MtthwClmn",1,13
"#lego","OfficialTGdudes",1,6
"#lego","olivercgoetz",1,10
"#lego","PeterSchorschFL",1,1
"#lego","pmps_den",1,4
"#lego","PvPLive_Net",1,5
"#lego","robby_weidemann",1,7
"#lego","StevieBailey",1,6
"#lego","SweetCandeegirl",1,5
"#lego","tech_cheers",1,14
"#lego","TechOnShow",1,8
"#lego","TferThomas",1,2
"#lego","the_newsmen",1,10
"#lego","TheGamersTemple",1,7
"#lego","TheNicoFett",1,6
"#lego","thisisloudlungs",1,10
"#lego","thumb_sticks",1,2
"#lego","timesofesports",1,8
"#lego","ToyPhotoBlog",1,6
"#lego","TransPunk_",1,6
"#lego","tronprogram2",1,8
"#lego","urbangiftsuk",1,5
"#lego","wicked_brick",1,8
"#lego","wickedgadgetry",1,15
"#lego","xboxworldch",1,9
"#lego","XykoticOwl",1,3
"#lego","ZingPopCulture",1,6
"#lego","Zusammengebaut",1,7
"#legoaddict","wickedgadgetry",1,15
"#legobobafettstarship","GregLCook",1,31
"#legobuild","Gladiator50n",1,3
"#legogames","MtthwClmn",1,13
"#legoharrypotter","BrickFanatics",1,81
"#legoideas","TechOnShow",1,8
"#legoland","wickedgadgetry",1,15
"#legoleaks","JediNewsNetwork",1,23
"#legoleaks","TechOnShow",1,8
"#legolegacy","brandhubbsa",1,13
"#legolove","promobricks",1,7
"#legomagazine","promobricks",1,7
"#legomasters","TechOnShow",1,8
"#legominifigs","wickedgadgetry",1,15
"#legominifigures","wickedgadgetry",1,15
"#legophotography","wickedgadgetry",1,15
"#legoreview","BrickFanatics",1,81
"#legos","MacObserver",1,2
"#legos","wickedgadgetry",1,15
"#legostagram","wickedgadgetry",1,15
"#legostarwars","1up2play",1,6
"#legostarwars","ACTU4MDIGITAL",1,2
"#legostarwars","AllMaverickNews",1,6
"#legostarwars","beeb1up",1,6
"#legostarwars","BoonSlevin",1,9
"#legostarwars","brickmerge",1,8
"#legostarwars","buescues",1,6
"#legostarwars","FutureboyWho",1,5
"#legostarwars","futureotforce",1,18
"#legostarwars","g00s3y",1,12
"#legostarwars","HackTheDino",1,5
"#legostarwars","HoloBrick",1,2
"#legostarwars","ismailernie",1,3
"#legostarwars","K1NG_CA1",1,9
"#legostarwars","KieranDavidBurt",1,2
"#legostarwars","LegoSWmemes",1,4
"#legostarwars","Lv1Gaming",1,2
"#legostarwars","mathoare13",1,2
"#legostarwars","MtthwClmn",1,13
"#legostarwars","musicninjamat",1,2
"#legostarwars","promobricks",1,7
"#legostarwars","Sdelintwouters",1,1
"#legostarwars","SeppinRek",1,1
"#legostarwars","TheFloorHugger",1,2
"#legostarwars","TransPunk_",1,6
"#legostarwars","urbangiftsuk",1,5
"#legostarwars","wicked_brick",1,8
"#legostarwars","wickedgadgetry",1,15
"#legostarwars","XykoticOwl",1,3
"#legostarwarsbattles","BoonSlevin",1,9
"#legostarwarsbattles","BrickFanatics",1,81
"#legostarwarsbattles","GamingCypher",1,2
"#legostarwarsbattles","JediNewsNetwork",1,23
"#legostarwarsbattles","LegoGamesNews",1,1
"#legostarwarsbattles","Nerdmovieprod",1,3
"#legostarwarsbattles","StarWarsNewsNet",1,5
"#legostarwarsbattles","SWTimeShow",1,2
"#legostarwarsbattles","technavemy",1,4
"#legostarwarsgame","AllMaverickNews",1,6
"#legostarwarsgame","FutureboyWho",1,5
"#legostarwarsgame","GamerKevin94",1,2
"#legostarwarsgame","pmps_den",1,4
"#legostarwarsgame","robby_weidemann",1,7
"#legostarwarsmagazine","FanthaTracks",1,15
"#legostarwarstheskywalkersaga","9To5TechNews",1,3
"#legostarwarstheskywalkersaga","AllMaverickNews",1,6
"#legostarwarstheskywalkersaga","BoresStar",1,12
"#legostarwarstheskywalkersaga","FutureboyWho",1,5
"#legostarwarstheskywalkersaga","futureotforce",1,18
"#legostarwarstheskywalkersaga","geronimo_73",1,3
"#legostarwarstheskywalkersaga","itechbrand",1,9
"#legostarwarstheskywalkersaga","LunarSquadron",1,4
"#legostarwarstheskywalkersaga","MtthwClmn",1,13
"#legostarwarstheskywalkersaga","OfficialTGdudes",1,6
"#legostarwarstheskywalkersaga","PSUdotcom",1,6
"#legostarwarstheskywalkersaga","RealJayhost",1,2
"#legostarwarstheskywalkersaga","robby_weidemann",1,7
"#legostarwarstheskywalkersaga","Tact_Op",1,4
"#legostarwarstheskywalkersaga","TomorrowedBlog",1,2
"#legostarwarstheskywalkersaga","tronprogram2",1,8
"#legostarwarstheskywalkersega","beeb1up",1,6
"#legoupdates","itechbrand",1,9
"#live","thisisloudlungs",1,10
"#lucasfilm","MtthwClmn",1,13
"#lucasfilmgames","StarWarsNewsNet",1,5
"#lukeskywalker","CutoutsStar",1,13
"#lukeskywalker","swcutscenes",1,21
"#macrumors","ninek4ne",1,1
"#magazine","tronprogram2",1,8
"#magazines","SABooksPro",1,5
"#mandalorian","wickedgadgetry",1,15
"#manifest","GeekGeneration",1,4
"#marujobot","GameLootNews",1,3
"#marvel","BrickSetSearch",1,1285
"#marvel","BrockBowen23",1,5
"#maytheforcebewithyou","MtthwClmn",1,13
"#memes","LegoSWmemes",1,4
"#memorabilia","BigTopApps",1,16
"#microsoft","longe_teclado",1,23
"#minifigures","StevieBailey",1,6
"#minifigures","wickedgadgetry",1,15
"#mint","BrickSetSearch",1,1285
"#mobile","tech_cheers",1,14
"#modi","Andhravilasnews",1,3
"#movies","ABQSatellite",1,4
"#movies","movietvtechgeek",1,7
"#mtfbwy","InsideTheForce",1,4
"#nasa","g00s3y",1,12
"#nerdsunite","msd3adpool",1,7
"#news","eStream_Studios",1,6
"#news","FutureAmeencity",1,2
"#news","movietvtechgeek",1,7
"#news","PGNewsHQ",1,6
"#news","PSUdotcom",1,6
"#news","purehavuk",1,4
"#news","ToyerToys",1,15
"#ninjago","brandhubbsa",1,13
"#nintendo","alien_merchant",1,15
"#nintendo","longe_teclado",1,23
"#nintendoswitch","alien_merchant",1,15
"#nintendoswitch","longe_teclado",1,23
"#nintendoswitch","LunarSquadron",1,4
"#noticias","revistawhatsup",1,7
"#noticias","Tecnogusblog",1,4
"#noticiasfullmagazine","revistawhatsup",1,7
"#noticiastecnogus","Tecnogusblog",1,4
"#obiwankenobi","swcutscenes",1,21
"#onlineshopping","brandhubbsa",1,13
"#openingnightlive","OneMoreGameAu",1,1
"#operationlimbo","bravebow1153",1,3
"#outerrimtransmission","RealBenMaynard",1,3
"#outerrimtransmission","Starrapter",1,2
"#parenting","mybabychoose",1,18
"#pc","alien_merchant",1,15
"#pc","longe_teclado",1,23
"#pgnhq","PGNewsHQ",1,6
"#pic","ourbabybun",1,5
"#playstation","alien_merchant",1,15
"#playstation","longe_teclado",1,23
"#playstation5","GamerStockist",1,10
"#pleaseretweet","Ric9871Ric",1,2
"#podernfamily","BoresStar",1,12
"#poshmark","ashleyjones13",1,3
"#poshmark","stinabarber81",1,4
"#poshmark","Thriftology_VB",1,2
"#preisvergleich","brickmerge",1,8
"#prequels","alien_merchant",1,15
"#primeday","mybabychoose",1,18
"#promobricks","promobricks",1,7
"#providernameengadget","206geek",1,4
"#providernameengadget","ToyerToys",1,15
"#ps4","longe_teclado",1,23
"#ps4","PSUdotcom",1,6
"#ps5","DropCentr",1,3
"#ps5","GamerMonkey_",1,12
"#ps5","longe_teclado",1,23
"#ps5","PSUdotcom",1,6
"#puffin","olivercgoetz",1,10
"#pushstartplay","PushStartMedia",1,2
"#rare","BigTopApps",1,16
"#reaction","RealJayhost",1,2
"#rebellion","g00s3y",1,12
"#regionus","ToyerToys",1,15
"#repost","PSUdotcom",1,6
"#retronauts","Stupacabra",1,6
"#retweet","Ric9871Ric",1,2
"#revistawhatsup","revistawhatsup",1,7
"#rey","StevieBailey",1,6
"#riseofskywalker","alien_merchant",1,15
"#rrrrrrrrrrrrrrrrrrrrrrrrrrrrrrrrrrrrrrrrrrrrrrripbozo","BirdsPromotion",1,3
"#rtxon","_Maxhache",1,1
"#rtxon","carterhoff",1,1
"#rtxon","competidan",1,1
"#rxton","imdbee",1,2
"#saintsrowreboot","tremoore2011",1,2
"#shop","BigTopApps",1,16
"#shopmycloset","ashleyjones13",1,3
"#shopmycloset","stinabarber81",1,4
"#shopmycloset","Thriftology_VB",1,2
"#shorts","KowalskiDylan",1,4
"#siganenconexion","revistawhatsup",1,7
"#siteengadget","206geek",1,4
"#siteengadget","ToyerToys",1,15
"#skywalker","timesofesports",1,8
"#skywalker","xboxworldch",1,9
"#skywalkersaga","KieranDavidBurt",1,2
"#slashgear","tech_cheers",1,14
"#smallstreamer","K1NG_CA1",1,9
"#smallstreamercommunity","K1NG_CA1",1,9
"#smallstreamers","bravebow1153",1,3
"#smallstreamersconnect","K1NG_CA1",1,9
"#sony","longe_teclado",1,23
"#space","g00s3y",1,12
"#spacestation","g00s3y",1,12
"#star","g00s3y",1,12
"#star","tech_cheers",1,14
"#starwars","1up2play",1,6
"#starwars","9To5TechNews",1,3
"#starwars","ACTU4MDIGITAL",1,2
"#starwars","AllMaverickNews",1,6
"#starwars","AntWalker_Cook",1,4
"#starwars","bobafettfanclub",1,14
"#starwars","BoonSlevin",1,9
"#starwars","BoresStar",1,12
"#starwars","brandhubbsa",1,13
"#starwars","bravebow1153",1,3
"#starwars","BrockBowen23",1,5
"#starwars","buescues",1,6
"#starwars","Chrome_Dragons",1,4
"#starwars","CutoutsStar",1,13
"#starwars","dlatusek12",1,6
"#starwars","elmelegey",1,5
"#starwars","FutureboyWho",1,5
"#starwars","g00s3y",1,12
"#starwars","GeekDiscounts",1,3
"#starwars","getyourcomicon",1,2
"#starwars","Gingerted1",1,2
"#starwars","Gladiator50n",1,3
"#starwars","JacobsQuest",1,2
"#starwars","justinlasalata",1,5
"#starwars","LegoSWmemes",1,4
"#starwars","longe_teclado",1,23
"#starwars","LunarSquadron",1,4
"#starwars","Lv1Gaming",1,2
"#starwars","MacObserver",1,2
"#starwars","MtthwClmn",1,13
"#starwars","ositobarrigon",1,5
"#starwars","PlexReel",1,4
"#starwars","pmps_den",1,4
"#starwars","PvPLive_Net",1,5
"#starwars","Quinten_Lee",1,4
"#starwars","RealBenMaynard",1,3
"#starwars","Shuttlecock",1,1
"#starwars","slashfilm",1,2
"#starwars","StarWars_SG",1,1
"#starwars","StarWarsEvents",1,1
"#starwars","StarWarsNewsNet",1,5
"#starwars","StevieBailey",1,6
"#starwars","TechOnShow",1,8
"#starwars","TferThomas",1,2
"#starwars","the_newsmen",1,10
"#starwars","TheFloorHugger",1,2
"#starwars","TheGamersTemple",1,7
"#starwars","TheMarySue",1,1
"#starwars","TheNicoFett",1,6
"#starwars","thisisloudlungs",1,10
"#starwars","thumb_sticks",1,2
"#starwars","timesofesports",1,8
"#starwars","ToyPhotoBlog",1,6
"#starwars","urbangiftsuk",1,5
"#starwars","wicked_brick",1,8
"#starwars","xboxworldch",1,9
"#starwars","ZingPopCulture",1,6
"#starwars","Zusammengebaut",1,7
"#starwars40th","swcutscenes",1,21
"#starwarsbattles","Game_Fragger",1,2
"#starwarsbattles","the_newsmen",1,10
"#starwarsfan","CutoutsStar",1,13
"#starwarsthem","swcutscenes",1,21
"#starwarsthemandalorian","BrickFanatics",1,81
"#steam","longe_teclado",1,23
"#stormtrooper","CutoutsStar",1,13
"#streaming","EllieMcConnel18",1,2
"#tech","CodingJessica",1,3
"#tech","tech_cheers",1,14
"#techdeals","CodingJessica",1,3
"#technave","technavemy",1,4
"#technology","FutureAmeencity",1,2
"#technology","tech_cheers",1,14
"#thanksgiving","mybabychoose",1,18
"#thebadbatch","AntWalker_Cook",1,4
"#thebadbatch","InsideTheForce",1,4
"#theclonewars","LegoSWmemes",1,4
"#theempirestrikesback","alien_merchant",1,15
"#theforceawakens","elmelegey",1,5
"#thehighrepublic","dlatusek12",1,6
"#thelastjedi","swcutscenes",1,21
"#themandalorian","bobafettfanclub",1,14
"#themandalorian","BoresStar",1,12
"#themandalorian","BrickFanatics",1,81
"#themandalorian","GamerKevin94",1,2
"#themandalorian","JediNewsNetwork",1,23
"#themandalorian","RealBenMaynard",1,3
"#themandalorian","tronprogram2",1,8
"#themandalorians","CutoutsStar",1,13
"#themandolorian","JediNewsNetwork",1,23
"#theriseofskywalker","futureotforce",1,18
"#theskywalkersaga","alien_merchant",1,15
"#theskywalkersaga","MtthwClmn",1,13
"#theskywalkersaga","PvPLive_Net",1,5
"#thisweekinstarwars","FanthaTracks",1,15
"#thisweekinstarwars","JediNewsNetwork",1,23
"#thisweekinstarwars","justinlasalata",1,5
"#toy","bestkidstoysbiz",1,6
"#toyart","bestkidstoysbiz",1,6
"#toycommunity","bestkidstoysbiz",1,6
"#toyplanet","bestkidstoysbiz",1,6
"#toys","gr8prices1",1,16
"#toyshopper","brandhubbsa",1,13
"#treasure","ToyerToys",1,15
"#trending","mybabychoose",1,18
"#tshirt","clevelandwest",1,3
"#tv","ABQSatellite",1,4
"#twisw","FanthaTracks",1,15
"#twitch","EllieMcConnel18",1,2
"#twitch","K1NG_CA1",1,9
"#twitchaffiliate","K1NG_CA1",1,9
"#twitchstreamers","K1NG_CA1",1,9
"#twitchstreamers","thisisloudlungs",1,10
"#twitchstreaming","K1NG_CA1",1,9
"#ucs","g00s3y",1,12
"#uk","itechbrand",1,9
"#uniqu","BigTopApps",1,16
"#usa","itechbrand",1,9
"#usa","mybabychoose",1,18
"#variety","brandhubbsa",1,13
"#video","ABQSatellite",1,4
"#video","mygpzone",1,4
"#video","ositobarrigon",1,5
"#video","ourbabybun",1,5
"#video","TheGamersTemple",1,7
"#videogameampnbspa","swcutscenes",1,21
"#videogames","1up2play",1,6
"#videogames","the_newsmen",1,10
"#videogames","TheGamersTemple",1,7
"#videogames","xboxworldch",1,9
"#warnerbros","xboxworldch",1,9
"#warnerbrosgames","StarWarsNewsNet",1,5
"#wars","g00s3y",1,12
"#wars","tech_cheers",1,14
"#weloverey","ZodiacDistant",1,2
"#womenintech","bcsn_official",1,10
"#xbox","GamerStockist",1,10
"#xbox","longe_teclado",1,23
"#xbox","timesofesports",1,8
"#xbox","XboxTrackr_fr",1,2
"#xbox","xboxworldch",1,9
"#xboxgamepass","longe_teclado",1,23
"#xboxone","longe_teclado",1,23
"#xboxone","xboxworldch",1,9
"#xboxseriess","longe_teclado",1,23
"#xboxseriesx","DropCentr",1,3
"#xboxseriesx","longe_teclado",1,23
"#xboxseriesx","xboxworldch",1,9
"#youtube","beeb1up",1,6
"#youtuber","ToyerToys",1,15
"#zingpopculture","ZingPopCulture",1,6
"^^","Palamedez",1,3
"+","ASMRGamingNews",1,2
"+","BuildingToys1",1,68
"+","iDropNews",1,6
"+","theavltoday",1,8
"++","XenaGifts",1,129
"+2","thisisloudlungs",1,10
"|","1up2play",1,6
"|","77_collings",1,4
"|","atc295",1,2
"|","BitchinLego",1,30
"|","ezdlc",1,4
"|","GameLootNews",1,3
"|","GamerStockist",1,10
"|","GameVault8",1,2
"|","gr8prices1",1,16
"|","K1NG_CA1",1,9
"|","Mustache_TV",1,1
"|","OfficialTessonJ",1,3
"|","Potty_Snatcher",1,2
"|","purehavuk",1,4
"|","SpongerV",1,1
"|","therealpreneur_",1,2
"||","HapanOutcast",1,2
"~","MarkinOutLoud",1,4
"~","ozbargain",1,7
"â¬","LordDagovere",1,5
"â°","AppleArcade",1,2
"â³","wicked_brick",1,8
"â–¶ï¸","ClanQuest",1,10
"ğŸ‡®ğŸ‡¹","geronimo_73",1,3
"âœ‹ğŸ»","CrochetTrooper",1,4
"âœ¨","AllMaverickNews",1,6
"â„ï¸","ClanQuest",1,10
"â¤ï¸","iconicranboo",1,6
"â¤","XanaduBIood",1,2
"â¤ï¸ğŸ¥Ÿ","dumplingshirara",1,3
"â¡ï¸","bibliotecaJedi",1,5
"â¬…ï¸","bibliotecaJedi",1,5
"â¬‡ï¸","slashfilm",1,2
"â¬‡ï¸lego","LegoDealsUK",1,14
"â­lego","bibliotecaJedi",1,5
"ğŸŒ","thisisloudlungs",1,10
"ğŸŒŸ","ClanQuest",1,10
"ğŸ","jovieenrose",1,2
"ğŸ‚","zavvi",1,9
"ğŸ‰","zavvi",1,9
"ğŸ®","DorkSideOForce",1,1
"ğŸ®","PlexReel",1,4
"ğŸ®ğŸ’™","OL_Thomas_",1,5
"ğŸ","TLummo",1,1
"ğŸ‘€","justxavier2004",1,9
"ğŸ‘€","LordPatriot445",1,1
"ğŸ‘€","MelxGarcia",1,1
"ğŸ‘€","Patrick_Graves",1,1
"ğŸ‘€","Sir_ZomWolf",1,1
"ğŸ‘‡ğŸ¼","GamerStockist",1,10
"ğŸ‘‡ğŸ¼","InsideTheForce",1,4
"ğŸ‘ˆ","ClanQuest",1,10
"ğŸ‘‰","A7ZATRU",1,7
"ğŸ‘‰","ClanQuest",1,10
"ğŸ‘‰","kanadianbest",1,1
"ğŸ‘‰ğŸ‘ˆ","crobinsrobin220",1,1
"ğŸ‘‰ğŸ‘‰","OurCoolFinds",1,5
"ğŸ‘‹ğŸ‘‹","gamingyoda5",1,2
"ğŸ‘Œ","OfficialTGdudes",1,6
"ğŸ‘","MalloukAdam",1,3
"ğŸ‘can","MalloukAdam",1,3
"ğŸ‘»","futureotforce",1,18
"ğŸ‘»","zavvi",1,9
"ğŸ’€","DarthZilla19",1,5
"ğŸ’€","RoisinGalaxy",1,2
"ğŸ’€ğŸ’€ğŸ’€","LittleCrabbb",1,1
"ğŸ’–","xrosymoon",1,2
"ğŸ’™intelgamerdays","LUCKYLADY4663",1,1
"ğŸ’š","iconicranboo",1,6
"ğŸ’¥","wicked_brick",1,8
"ğŸ’¥ğŸ¤©","Lord_Warpa",1,2
"ğŸ“‰lego","LegoDealsUK",1,14
"ğŸ“±","TheSWU",1,2
"ğŸ“º","LordDagovere",1,5
"ğŸ“½ï¸","LordDagovere",1,5
"ğŸ“½ï¸httpstcoysz7sjhl75","GeekGeneration",1,4
"ğŸ”Šhttpstco57z9xybddi","GeekGeneration",1,4
"ğŸ”¥","IGNDeals",1,5
"ğŸ”¥","S3NT1N3L17",1,5
"ğŸ”¥ğŸ‘ŒğŸ¾","yugiomoto",1,2
"ğŸ”¥ğŸš¨new","BoresStar",1,12
"ğŸ•¹ï¸","GamerStockist",1,10
"ğŸ–¤","iconicranboo",1,6
"ğŸ—¡","ClanQuest",1,10
"ğŸ¤","iconicranboo",1,6
"ğŸ¤“","BrockBowen23",1,5
"ğŸ¤˜","darthsyd_ious",1,1
"ğŸ¤™ğŸ»ğŸ¤™ğŸ»ğŸ¤™ğŸ»","mac_daddy679",1,1
"ğŸ¤","karazorlls",1,3
"ğŸ¤ğŸ»","JenBandicoot",1,6
"ğŸ¤£","adamshostack",1,4
"ğŸ¤£","jackshippo",1,2
"ğŸ¤£","LOINER87",1,1
"ğŸ¤¤","poocgeddon",1,4
"ğŸ¤¦","hotdogdispensr",1,1
"ğŸ¤¨","hi_fiii_delity",1,1
"ğŸ¤¨ğŸ¤¨","oreoguy8",1,1
"ğŸ¤©","aB_Silencer",1,6
"ğŸ¤©","zavvi",1,9
"ğŸ¤«ğŸ˜‚","DrSamHutchinson",1,2
"ğŸ¤­","CrochetTrooper",1,4
"ğŸ¤·â€â™‚ï¸","washedboomer",1,3
"ğŸ¤·ğŸ»â€â™€ï¸","DrSamHutchinson",1,2
"ğŸ¤·ğŸ»â€â™‚ï¸","JDaddyMill",1,1
"ğŸ¥°","sammuelvv",1,2
"ğŸ¥°","ZingPopCulture",1,6
"ğŸ¥°ğŸ¥°ğŸ¥°ğŸ¥°ğŸ‰","MariaGelicaaa",1,3
"ğŸ¥±","TyrLuthor",1,2
"ğŸ¥²","Dot_Dot15",1,1
"ğŸ¥²","halfmoonbeth",1,1
"ğŸ¥²","Rashidaaah",1,2
"ğŸ¥²","ZoroJanai",1,3
"ğŸ¥³ğŸ¥³","DefinitelyLit",1,1
"ğŸ¥µ","ripclonefives",1,3
"ğŸ¥º","PlexReel",1,4
"ğŸ¥º","SweetCandeegirl",1,5
"ğŸ¥ºğŸ’","naclg0d",1,1
"ğŸ¥ºğŸ˜–ğŸ‘‰ğŸ»ğŸ‘ˆğŸ»","Lilly_Pillie",1,4
"ğŸ¦‰","XykoticOwl",1,3
"ğŸ§±","theavltoday",1,8
"ğŸ§±","thisisloudlungs",1,10
"ğŸ˜","LittleJohn_MD",1,1
"ğŸ˜","stephenguyott",1,3
"ğŸ˜ğŸ˜","MariamSkywalker",1,3
"ğŸ˜ğŸ˜ğŸ¤”ğŸ¤”","MariamSkywalker",1,3
"ğŸ˜ğŸ˜ğŸ˜","carnabychick",1,2
"ğŸ˜ğŸ˜ğŸ˜‚ğŸ˜‚","MariamSkywalker",1,3
"ğŸ˜ğŸ˜˜","evangeline_dawn",1,1
"ğŸ˜‚","AmazonAzure",1,3
"ğŸ˜‚","BenjaminFrye17",1,3
"ğŸ˜‚","buescues",1,6
"ğŸ˜‚","CrochetTrooper",1,4
"ğŸ˜‚","DiogoAntnioRis2",1,2
"ğŸ˜‚","FrankDiPaolo",1,4
"ğŸ˜‚","LinterniG",1,6
"ğŸ˜‚ğŸ‘","SusanMcCoog",1,3
"ğŸ˜‚ğŸ¤£","Shinyhunter48",1,2
"ğŸ˜‚ğŸ˜‚ğŸ˜‚","aspiraldance",1,4
"ğŸ˜ƒ","JSdoesFNAF",1,1
"ğŸ˜„ğŸ˜„","TYScottOfficial",1,2
"ğŸ˜…ğŸ‘Œ","kalebhanson0104",1,9
"ğŸ˜‰","ArtemisMagna",1,2
"ğŸ˜‰","aspiraldance",1,4
"ğŸ˜‰","cetojevic_dana",1,4
"ğŸ˜‰","LinterniG",1,6
"ğŸ˜‰","tronprogram2",1,8
"ğŸ˜‰","WienElch",1,3
"ğŸ˜Š","CutoutsStar",1,13
"ğŸ˜‹âœŒï¸","CR0SSHA1R",1,1
"ğŸ˜Œ","laurynchrp",1,1
"ğŸ˜Œ","littlemachine_",1,1
"ğŸ˜Œ","TheEternalSam",1,2
"ğŸ˜ŒğŸ˜Œ","The_NoNameGuy_",1,1
"ğŸ˜","JenBandicoot",1,6
"ğŸ˜","ZodiacDistant",1,2
"ğŸ˜ğŸ˜ğŸ¥°ğŸ¥°ğŸ˜ğŸ˜ğŸ˜ğŸ˜ğŸ˜ğŸ˜ğŸ˜ğŸ˜ğŸ˜ğŸ˜ğŸ˜ğŸ˜ğŸ˜ğŸ˜ğŸ˜ğŸ˜ğŸ˜ğŸ˜ğŸ˜ğŸ˜ğŸ˜ğŸ˜ğŸ˜ğŸ‘ğŸ½ğŸ‘ğŸ½ğŸ‘ğŸ½ğŸ‘ğŸ½ğŸ‘ğŸ½ğŸ‘ğŸ½ğŸ‘ğŸ½ğŸ‘ğŸ½ğŸ‘ğŸ½ğŸ‘ğŸ½","Christo56586681",1,1
"ğŸ˜ğŸ˜ğŸ˜","splashkenny",1,1
"ğŸ˜","BrockBowen23",1,5
"ğŸ˜","BrynoLad",1,1
"ğŸ˜","funkysandals22",1,3
"ğŸ˜","kazzydoodah",1,1
"ğŸ˜","LinterniG",1,6
"ğŸ˜","zappy_pappy",1,2
"ğŸ˜","MikeMonty8",1,4
"ğŸ˜","A7ZATRU",1,7
"ğŸ˜","ashofclanwren",1,2
"ğŸ˜”","comfy_pjs",1,1
"ğŸ˜”","Ivyevelynn",1,2
"ğŸ˜œğŸ¤£","kalebhanson0104",1,9
"ğŸ˜ğŸ˜­ğŸ¤§","Lilly_Pillie",1,4
"ğŸ˜¤","RobBattinson_",1,1
"ğŸ˜¤","ThisIsCyclops",1,3
"ğŸ˜©ğŸ˜‚","C0NN0RCLARK",1,1
"ğŸ˜¬","TheSodamanLive",1,1
"ğŸ˜­","justxavier2004",1,9
"ğŸ˜­","PS5Restocked",1,3
"ğŸ˜­ğŸ¤£","ErikTellez17",1,1
"ğŸ˜­ğŸ™ƒ","Nelmzey",1,1
"ğŸ˜±","ZingPopCulture",1,6
"ğŸ˜±ğŸ¤¯","Tact_Op",1,4
"ğŸ˜³ğŸ˜³ğŸ˜³","Palamedez",1,3
"ğŸ™„","the80slasher",1,1
"ğŸ™ˆ","Nwow72",1,2
"ğŸ™ŒğŸ½","MrGuySoto",1,2
"ğŸ™","sndsphotography",1,1
"ğŸš€âœ¨","thecomicsection",1,1
"ğŸš‚","urbangiftsuk",1,5
"ğŸš¨","brickscanner",1,15
"ğŸ›¸","AllMaverickNews",1,6
"ğŸ›¸","doctorpartridge",1,2
"$$","ajdupontz28",1,1
"$$","PEBPhotography",1,6
"$1","mistiwyshak",1,3
"$100","9to5toys",1,5
"$100","JonEnsman",1,8
"$102500","eDealinfoUSA",1,8
"$15","thethiccnrich",1,1
"$170","ozbargain",1,7
"$1999","OurCoolFinds",1,5
"$233","ozbargain",1,7
"$24","Sneaky_Steals",1,7
"$2550","brickscanner",1,15
"$2999","Sneaky_Steals",1,7
"$2999","TheNicoFett",1,6
"$300","JonEnsman",1,8
"$300","theeagle",1,7
"$4","mistiwyshak",1,3
"$400","JonEnsman",1,8
"$400+","gregbarkhamjr",1,7
"$4395","brickscanner",1,15
"$499","DaiIySWGames",1,2
"$4997","OopsAllDrops",1,16
"$4999","DaiIySWGames",1,2
"$5","A7ZATRU",1,7
"$500","JonEnsman",1,8
"$580","GH_Cosplay",1,3
"$69999","eDealinfoUSA",1,8
"$69999","IGNDeals",1,5
"$700","Phase_Hate",1,1
"$79999","IGNDeals",1,5
"$9","StarWarsToysan1",1,58
"$93899","eDealinfoUSA",1,8
"$aapl","MacHashNews",1,1
"Â£103123","Yottabrick",1,15
"Â£10400","Lego_enthusiast",1,124
"Â£11698","Yottabrick",1,15
"Â£14999","LegoDealsUK",1,14
"Â£15100","bargains_brick",1,174
"Â£17250","bargains_brick",1,174
"Â£17999","LegoDealsUK",1,14
"Â£18500","Lego_enthusiast",1,124
"Â£1922","Yottabrick",1,15
"Â£20250","Lego_enthusiast",1,124
"Â£244321","Yottabrick",1,15
"Â£2495","AppDropped_UK",1,14
"Â£27500","Lego_enthusiast",1,124
"Â£3100","bargains_brick",1,174
"Â£31000","bargains_brick",1,174
"Â£330122","Yottabrick",1,15
"Â£3468","LegoDealsUK",1,14
"Â£3468","Yottabrick",1,15
"Â£35","wicked_brick",1,8
"Â£4499","LegoDealsUK",1,14
"Â£45600","Lego_enthusiast",1,124
"Â£4649","AppDropped_UK",1,14
"Â£4649","UKDealsAndGways",1,3
"Â£466","AppDropped_UK",1,14
"Â£51999","BrickFanatics",1,81
"Â£5200","bargains_brick",1,174
"Â£57723","Yottabrick",1,15
"Â£6200","Lego_enthusiast",1,124
"Â£62000","bargains_brick",1,174
"Â£6300","Lego_enthusiast",1,124
"Â£6799","LegoDealsUK",1,14
"Â£7877","bargains_brick",1,174
"Â£8999","LegoDealsUK",1,14
"Â£9056","Yottabrick",1,15
"035452","BigTopApps",1,16
"053621","OopsAllDrops",1,16
"10019","BrickSetSearch",1,1285
"10030","BrickSetSearch",1,1285
"1007","BrickSetSearch",1,1285
"10134","BrickSetSearch",1,1285
"1016","LEGOStarWarsS2",1,47
"10174","BrickSetSearch",1,1285
"10175","bargains_brick",1,174
"10178","BrickSetSearch",1,1285
"10188","BrickSetSearch",1,1285
"10212","BrickSetSearch",1,1285
"10212","gregbarkhamjr",1,7
"10221","jorbostinks",1,1
"10227","BrickSetSearch",1,1285
"10227","mybabychoose",1,18
"10227rare","BigTopApps",1,16
"1023","BrickSetSearch",1,1285
"1023","RestocksNow",1,4
"10236","Lego_enthusiast",1,124
"10240","BrickSetSearch",1,1285
"10240","XenaGifts",1,129
"1104","BrickSetSearch",1,1285
"1107pm","bargains_brick",1,174
"1137pc","BrickSetSearch",1,1285
"1144","rowoof",1,10
"1201pm","bargains_brick",1,174
"1202pm","bargains_brick",1,174
"12th","BrickFanatics",1,81
"132","BrickSetSearch",1,1285
"1336","BuildingToys1",1,68
"150pm","Lego_enthusiast",1,124
"152556","OopsAllDrops",1,16
"1555","brickmerge",1,8
"160459","OopsAllDrops",1,16
"16yearsago","alien_merchant",1,15
"1771","wynnedief",1,5
"1finishaweek","Tuwile2",1,3
"1up2play","1up2play",1,6
"1yr","msd3adpool",1,7
"2+","drpants",1,2
"20042006","GTechGeorge",1,3
"20201","BoonSlevin",1,9
"202167","Tuwile2",1,3
"2042","BricksFanz",1,4
"2042","Dark_kingjay",1,2
"21054","LegoDealsUK",1,14
"214am","Lego_enthusiast",1,124
"215am","bargains_brick",1,174
"21822","BizarreBlue_",1,4
"2314","BrickSetSearch",1,1285
"2314","DanielleVEsq",1,4
"2315","collectlegos",1,36
"24kg","BrickSetSearch",1,1285
"28999","RestocksNow",1,4
"2endgame","NicdSF",1,6
"2guardians","NicdSF",1,6
"31200","Yottabrick",1,15
"316am","Lego_enthusiast",1,124
"3340","BuildingToys1",1,68
"3341","BuildingToys1",1,68
"3342","BuildingToys1",1,68
"3343","BuildingToys1",1,68
"338","InsideTheForce",1,4
"341","TheDancingDoggo",1,4
"352am","Lego_enthusiast",1,124
"3on","RoninTheWolf",1,2
"3pack","BuildingToys1",1,68
"3the","Cheif42",1,2
"4+","BrickSetSearch",1,1285
"40000","xeanort99",1,5
"40268","StarWarsToysan1",1,58
"4184","brickscanner",1,15
"4483","BrickSetSearch",1,1285
"4501","BuildingToys1",1,68
"4521221","BuildingToys1",1,68
"496","BrickSetSearch",1,1285
"5002123","BuildingToys1",1,68
"501st","BrickSetSearch",1,1285
"501st","XenaGifts",1,129
"53piece","JediNewsNetwork",1,23
"544","XenaGifts",1,129
"593","OopsAllDrops",1,16
"593","XenaGifts",1,129
"6205","XenaGifts",1,129
"6209","XenaGifts",1,129
"6212","collectlegos",1,36
"66495","BuildingToys1",1,68
"70searly","Xammas",1,2
"7110","collectlegos",1,36
"7121","XenaGifts",1,129
"7126","XenaGifts",1,129
"71407141715071517161","BrickSetSearch",1,1285
"7151","collectlegos",1,36
"7153","BrickSetSearch",1,1285
"7250","XenaGifts",1,129
"7258","XenaGifts",1,129
"7261","StarWarsToysan1",1,58
"7263","XenaGifts",1,129
"7365","Mastermuz1",1,3
"750000","XenaGifts",1,129
"75005","bargains_brick",1,174
"75012","XenaGifts",1,129
"75019","bargains_brick",1,174
"75019","pebsi82",1,5
"75019etc","BrickSetSearch",1,1285
"75020","BrickSetSearch",1,1285
"75020","BuildingToys1",1,68
"75021","pebsi82",1,5
"75032","XenaGifts",1,129
"75034","legobrickvideos",1,24
"75037","BuildingToys1",1,68
"75038","BuildingToys1",1,68
"75045","BuildingToys1",1,68
"75048","BuildingToys1",1,68
"75050","BrickSetSearch",1,1285
"75051","XenaGifts",1,129
"75053","BuildingToys1",1,68
"75060","BuildingToys1",1,68
"7507","legobrickvideos",1,24
"75074","legobrickvideos",1,24
"75078","XenaGifts",1,129
"75079","XenaGifts",1,129
"75089","XenaGifts",1,129
"75092","BuildingToys1",1,68
"75094","StarWarsToysan1",1,58
"75095","BrickSetSearch",1,1285
"75095","XenaGifts",1,129
"75098","BrickSetSearch",1,1285
"75102","BrickSetSearch",1,1285
"75105","rowoof",1,10
"75133","XenaGifts",1,129
"75135","BrickSetSearch",1,1285
"75147","XenaGifts",1,129
"75151","BrickSetSearch",1,1285
"75152","XenaGifts",1,129
"75154","BrickSetSearch",1,1285
"75170","XenaGifts",1,129
"75174","collectlegos",1,36
"75179","BrickSetSearch",1,1285
"75181","BrickSetSearch",1,1285
"75185","BuildingToys1",1,68
"75187","BrickSetSearch",1,1285
"75188","BuildingToys1",1,68
"75188","XenaGifts",1,129
"75190","BrickSetSearch",1,1285
"75192","77_collings",1,4
"75192","BrickFanatics",1,81
"75192","InfoLegolatero",1,4
"75192","LegoCreativity",1,4
"75192","starwars_spec",1,4
"75192","tormentalous",1,10
"75192","ToysandGamesUK1",1,2
"75192","ZoneLego",1,4
"75205","XenaGifts",1,129
"75207","StarWarsToysan1",1,58
"75211","BrickSetSearch",1,1285
"75218","XenaGifts",1,129
"75222","Lego_enthusiast",1,124
"75229","BrickSetSearch",1,1285
"75235","BrickSetSearch",1,1285
"75235","thejessijames",1,15
"75239","Yottabrick",1,15
"75240","BrickSetSearch",1,1285
"75243","XenaGifts",1,129
"75246","thejessijames",1,15
"75248","BrickSetSearch",1,1285
"75251","BrickSetSearch",1,1285
"75254","BrickSetSearch",1,1285
"75255","wynnedief",1,5
"75256","BrickSetSearch",1,1285
"75256","BuildingToys1",1,68
"75257","BuildingToys1",1,68
"75257","Yottabrick",1,15
"75258","XenaGifts",1,129
"75262","XenaGifts",1,129
"75264","thejessijames",1,15
"75268","brickmerge",1,8
"75270","XenaGifts",1,129
"75271","XenaGifts",1,129
"75272","stinabarber81",1,4
"75273","BrickSetSearch",1,1285
"75276","AppDropped_UK",1,14
"75277","AppDropped_UK",1,14
"75277","BrickSetSearch",1,1285
"75277","GeekDiscounts",1,3
"75279","BrickSetSearch",1,1285
"75280","BrickSetSearch",1,1285
"75280","XenaGifts",1,129
"75281","Sneaky_Steals",1,7
"75283","BrickSetSearch",1,1285
"75288","BrickSetSearch",1,1285
"75288","XenaGifts",1,129
"75290","BrickSetSearch",1,1285
"75290","mydealz",1,2
"75292","RestocksNow",1,4
"75292","rogueitems",1,2
"75295","KowalskiDylan",1,4
"75296","BrickFanatics",1,81
"75297","BrickSetSearch",1,1285
"75298","BrickSetSearch",1,1285
"75298","ToyPhotoBlog",1,6
"75299","AppDropped_UK",1,14
"75302","UKDealsAndGways",1,3
"75304","amazonguideus",1,1
"75304","BrickSetSearch",1,1285
"75305","LegoDealsUK",1,14
"75305","StarWarsToysan1",1,58
"75305","Yottabrick",1,15
"75307","XenaGifts",1,129
"75308","BrickSetSearch",1,1285
"75308","collectlegos",1,36
"75308","DanielleVEsq",1,4
"75308","LegoDealsUK",1,14
"75308","ozbargain",1,7
"75309","BuildingToys1",1,68
"75309","ISIS_Slay3r",1,3
"75309","pakisdaddy",1,2
"75311","BrickSetSearch",1,1285
"75311","StarWarsToysan1",1,58
"75311","XenaGifts",1,129
"75312","BrickSetSearch",1,1285
"75312","OopsAllDrops",1,16
"75313","BrickFanatics",1,81
"75313","TheGarageGamer1",1,3
"75313","Zusammengebaut",1,7
"75314","IanHopkinson_",1,3
"75316","stephenheggie",1,4
"75319","swingaway760",1,3
"75319","XenaGifts",1,129
"7657","XenaGifts",1,129
"7675","BrickSetSearch",1,1285
"7676","BrickSetSearch",1,1285
"7869","XenaGifts",1,129
"7879","BuildingToys1",1,68
"79103","bargains_brick",1,174
"7914","XenaGifts",1,129
"7956","BestFamousToys",1,4
"7965","BuildingToys1",1,68
"800pm","Lego_enthusiast",1,124
"8014","XenaGifts",1,129
"8084","StarWarsToysan1",1,58
"8084","XenaGifts",1,129
"834","BrickSetSearch",1,1285
"840pm","bargains_brick",1,174
"9+","BrickSetSearch",1,1285
"911720","HowToBuildLEGO",1,4
"9492","XenaGifts",1,129
"9516","BrickSetSearch",1,1285
"9526","collectlegos",1,36
"975complete","XenaGifts",1,129
"9pmish","BoresStar",1,12
"9to5mac","AndyRSS",1,1
"aat","BrickSetSearch",1,1285
"aats","PoorGrady",1,8
"abilities","elijah_mustache",1,1
"abilities","HossPlayz",1,3
"aboard","urbangiftsuk",1,5
"acquired","Cade_Onder",1,1
"actionpacked","_NoMoreMutants",1,2
"actionpacked","CBR",1,2
"actionrpg","The_Beelzebella",1,2
"actionstrategy","the_newsmen",1,10
"actionstrategy","TheSWU",1,2
"additions","doctorpartridge",1,2
"adgt","UKDealsAndGways",1,3
"adored","mathoare13",1,2
"adored","musicninjamat",1,2
"adulting","AdieSahota",1,2
"advisorthis","LEGOStarWarsS2",1,47
"ahsoka","CelebrityGigMag",1,4
"ahsoka","movietvtechgeek",1,7
"ahsoka","XtremeXEN",1,4
"aimed","mai_komagata",1,2
"aj1","rowoof",1,10
"akyakyakyakyak","404_SunNotFound",1,1
"aldjskdjsljs","physicssux1234",1,1
"alertsğŸ¤–","GamerStockist",1,10
"alliances","detoo",1,6
"allstars","OL_Thomas_",1,5
"alphabetical","thenegotiator95",1,1
"alrightdespite","S3NT1N3L17",1,5
"amirite","domimommy22",1,1
"anakins","robinpatrol",1,5
"anakins","Sneaky_Steals",1,7
"anakins","XenaGifts",1,129
"analysed","___Flap___",1,4
"andeal","PEBPhotography",1,6
"andor","justxavier2004",1,9
"andor","StarWarsNZ",1,3
"andor","TweetedSpoilers",1,1
"ands","JustTimmNL",1,3
"andshe","yungfuckingH",1,2
"angle","ffn_bbq",1,6
"animator","MiniLegoProduc1",1,3
"annunciano","Nerdmovieprod",1,3
"anticipated","Aaron_Skyguy",1,2
"anticipated","kiing_bloodpooI",1,1
"anticipated","SmilinTone",1,1
"anticipated","Wikimemia",1,1
"anxiously","Munkyal77",1,1
"applearcade","the_newsmen",1,10
"appleinsider","BitchinLego",1,30
"applies","MissCParadise",1,1
"approx","S_J_Dexter",1,2
"appshopper","BestPhotogr",1,1
"arcadeexclusive","Medianieuwtjes",1,4
"arcadeexclusive","tweakers",1,4
"arguably","Cerebus_Gaming",1,1
"armorers","swingaway760",1,3
"armorers","XenaGifts",1,129
"arriva","macitynet",1,1
"arriving","atomiccartoons",1,1
"arriving","iDownloadBlog",1,1
"arriving","iStoreSMD",1,1
"arriving","J3Qui",1,1
"arriving","MidAtlConsult",1,1
"arriving","screenrant",1,1
"arrivo","spidermac",1,1
"arrivo","stefanodonadio",1,1
"ascendancy","Attila_The_Hutt",1,3
"asheville","theavltoday",1,8
"ashoka","Alex06777341",1,2
"ashoka","dr_hinfectos",1,1
"aspect","DigitalTrends",1,3
"aspects","dominicsjr",1,2
"assembled","BrickSetSearch",1,1285
"assembling","primesilver",1,6
"assult","XenaGifts",1,129
"asteroids","camp__lucky",1,7
"atari","correct_gaming",1,1
"atat","BrickFanatics",1,81
"atat","TheGarageGamer1",1,3
"atat","ToyPhotoBlog",1,6
"atat","XenaGifts",1,129
"atat","Zusammengebaut",1,7
"atats","iDropNews",1,6
"athe","Spider_boyo",1,1
"atmosphericly","SSGSSNUGGET69",1,2
"atrociously","coprespecter420",1,2
"atst","JediNewsNetwork",1,23
"atst","XenaGifts",1,129
"automated","GamerStockist",1,10
"avenger","TheNicoFett",1,6
"awaited","PS5Restocked",1,3
"awakens","DrWhom42",1,8
"awakens","Gee_WHiZZz_",1,1
"awakens","GM_Banderas",1,3
"awakens","LEGOTSSNEWSII",1,7
"awakens","LukeGre38681416",1,1
"awakens","MalloukAdam",1,3
"awakens","qasmokegames",1,1
"awakens","SilentRegulator",1,2
"awakens","ThSleepyVampire",1,3
"awakens","TobiCasorder66",1,1
"awakens","xeanort99",1,5
"awakens","xrosymoon",1,2
"bantha","noticieroporno",1,4
"bantha","sexotube1",1,4
"barbatos","rowoof",1,10
"barc","XenaGifts",1,129
"barge","BuildingToys1",1,68
"barrage+jabas","BrickSetSearch",1,1285
"barricades","LEGOTSSNEWSII",1,7
"batmanstar","MyNickIsNick_",1,8
"battlefield6","GamerMonkey_",1,12
"batuu","lukerob72317804",1,2
"bayo","epicbossfunnyha",1,3
"â¦bcsbargainbinâ©","andrearweir",1,12
"â¦bcsebaystoreâ©","andrearweir",1,12
"becausei","dexea_",1,2
"began","JustTimmNL",1,3
"begged","AtSwindells",1,3
"begging","jacksjollyroger",1,3
"begging","sparta4492",1,2
"belk","AdvBlur_Gamer",1,1
"belowavailable","BoresStar",1,12
"benaud","ozbargain",1,7
"beneath","AKat47u",1,3
"benefitting","RebelHeirPod",1,3
"berseria","OL_Thomas_",1,5
"bespin","ClutchicanCool",1,2
"bethesdas","oskool_g",1,2
"betrayal","Lego_enthusiast",1,124
"bf2042","xAHx51",1,2
"bf3","joe_propane",1,2
"bfbb","TheEternalSam",1,2
"bffc","bobafettfanclub",1,14
"bfs","xAHx51",1,2
"bild","Zusammengebaut",1,7
"binding","BirdsPromotion",1,3
"binks","vankyre",1,1
"bionicle","The_Beelzebella",1,2
"bitbot","AmazonAzure",1,3
"blasphemous","babano22",1,6
"blasphemous","EricSalamandra",1,4
"blaster","HossPlayz",1,3
"blaster","jdaIrymple",1,2
"blaster","LEGOTSSNEWSII",1,7
"blaster","StarWarsToysan1",1,58
"blasters","LEGOTSSNEWSII",1,7
"blockade","BrickSetSearch",1,1285
"bloks","startrekccg1e",1,3
"bo2","Only_Xui",1,1
"bobafetts","bobafettfanclub",1,14
"boggled","LochNessMobsta",1,2
"bookcase","HailFeerick",1,2
"booklet","IttzAndrew",1,2
"boooo","EchthelionII",1,2
"bores","JediNewsNetwork",1,23
"bores","OldSkoolGeek420",1,3
"borrowed","ActionSebastian",1,2
"boxed","BrickSetSearch",1,1285
"bracelets","panekkkk",1,7
"brickbuilt","Blaster944",1,4
"brickbuilt","MediaholicsBlog",1,4
"bricklink","TransPunk_",1,6
"brickville","theavltoday",1,8
"bridger","BuildingToys1",1,68
"brightonwarner","ToyerToys",1,15
"brittany","TechInvestNews",1,2
"buildable","WikiRandomWalk",1,2
"bulk","StarWarsToysan1",1,58
"burnout","_Jaws14_",1,2
"burnout","everythimgbagel",1,3
"burp","gavyfn",1,2
"bwing","BigTopApps",1,16
"bwing","BrickSetSearch",1,1285
"bwing","mybabychoose",1,18
"c110p","BuildingToys1",1,68
"c3p0","SummerTheJedi",1,4
"c3p0s","SABooksPro",1,5
"c3po","BuildingToys1",1,68
"c3po","Keigan37109507",1,5
"c3po","LEGOStarWarsS2",1,47
"ca16","BrickSetSearch",1,1285
"calibur","JonEnsman",1,8
"calming","ea_xavi",1,1
"cannon","thejessijames",1,15
"cannons","GadgetFlow",1,8
"canonizing","Attila_The_Hutt",1,3
"capes","Tact_Op",1,4
"carbonite","Ccero95257539",1,4
"carbonite","GameNorwich",1,1
"carrier","XenaGifts",1,129
"carriers","PoorGrady",1,8
"carrots","HatokTalk",1,1
"cart","AkiraMiyazaki17",1,3
"cartoons","thatgrltrish",1,1
"castlevania","oxtexnet",1,3
"castlevania","rsoftsolution",1,2
"casu","dumplingshirara",1,3
"caters","GeekToyLove",1,4
"cavalry","DarthWitciu1",1,4
"cavalry","DgMsYT",1,5
"charm","Dillian_Criker",1,7
"cheapest","Yottabrick",1,15
"cheating","97hellboy",1,1
"cherished","neet__tweets",1,1
"chewbacca","OurCoolFinds",1,5
"chewie","SummerTheJedi",1,4
"chewie","tronprogram2",1,8
"chirstmas","DPSzmytke",1,1
"chopper","BuildingToys1",1,68
"chrissys","theeagle",1,7
"chucklehead","realbrianmullin",1,1
"chug","gavyfn",1,2
"chunks","ohsnapitysnapz",1,3
"chvrches","JamesMatlock04",1,3
"cireon","ClanQuest",1,10
"clank","CrispsCold",1,3
"clank","imdumpsterboy",1,3
"clank","zOf2Halves",1,2
"closest","equestrianduck",1,2
"clubhouse","Tranman64",1,4
"clutchpoints","BitchinLego",1,30
"cmf","_Mandotory_",1,2
"cockpits","GadgetFlow",1,8
"codingsecrets","Cyprian21375633",1,3
"codywan","mayycroft",1,1
"collabs","Mastermuz1",1,3
"collectible","collectlegos",1,36
"collectible","DanielleVEsq",1,4
"collectible","ourbabybun",1,5
"collectible","StarWarsToysan1",1,58
"collectible","wynnedief",1,5
"collectoronly","mai_komagata",1,2
"coloring","MuddledDelight",1,6
"combines","camp__lucky",1,7
"comedies","ACMcCumbers",1,4
"commando","DependentSpider",1,5
"committing","deletedscheme",1,1
"communitywise","StringAged",1,3
"companywise","StringAged",1,3
"completeno","StarWarsToysan1",1,58
"completeno","XenaGifts",1,129
"completing","everythimgbagel",1,3
"complimented","SarahThrawn",1,1
"cones","gamingyoda5",1,2
"conferences","Ailerwassuspndd",1,2
"conquers","lauralaura27",1,2
"consistently","samshawmedia",1,4
"constructing","theeagle",1,7
"construx","AzureAcedia",1,7
"contains","BoonSlevin",1,9
"conundrum","BlueMilkMama",1,2
"convey","TheJamOfSteel",1,2
"correspondence","Stupacabra",1,6
"coruscant","DarthWitciu1",1,4
"costco","1_Guinip",1,2
"costco","bobafettfanclub",1,14
"costco","FookNews",1,1
"costco","TheNicoFett",1,6
"couldnt","DrCompass1",1,2
"covid","samshawmedia",1,4
"covid","zappy_pappy",1,2
"crass","ACMcCumbers",1,4
"craziest","ripclonefives",1,3
"crearly","robobbie_",1,4
"creations","KevinElevinguy",1,2
"creations","Kitsunenokuro",1,1
"crisitin","adamshostack",1,4
"criticism","TheRealRene19",1,2
"crossfirex","aB_Silencer",1,6
"crossfirex","maurztuia",1,2
"crossover","Elyjasartwork",1,2
"cruiser","Mandalore4Ever",1,2
"cruiser","wickedgadgetry",1,15
"cruiser","XChristmasGifts",1,3
"crumb","amberwine",1,3
"crumb","CelebrityGigMag",1,4
"crumb","elmelegey",1,5
"crumb","extrahotmovies",1,3
"crumb","FanthaTracks",1,15
"crumb","hector_MJ_CR7",1,3
"crumb","JediNewsNetwork",1,23
"crumb","justinlasalata",1,5
"crumb","movietvtechgeek",1,7
"crumb","ositobarrigon",1,5
"crumb","Phase9tv",1,3
"crumb","PluggedInFamily",1,3
"crumb","PortHavenForums",1,3
"crumb","StarWarsCommand",1,6
"crumb","StarWarsGear",1,3
"crumb","TheWendyWright",1,3
"crumb","XtremeXEN",1,4
"culling","DrJaxNole",1,2
"culmination","SWTimeShow",1,2
"cult","_MikeVsWorld_",1,1
"cult","AlexSmi30515797",1,1
"cult","comuesp_",1,8
"cult","Spicy_NBA_Chili",1,8
"cultured","sammuelvv",1,2
"cumming","Funnybloke1",1,1
"cupboard","LongRagnar",1,3
"customdesigned","DrWhom42",1,8
"customized","LEGOStarWarsS2",1,47
"customizer","GreyClo74866596",1,4
"cutouts","CutoutsStar",1,13
"cutscenes","DrWhom42",1,8
"cutscenes","yungfuckingH",1,2
"cyoa","panekkkk",1,7
"daddydaughter","chadsapieha",1,1
"dagobah","hievenhade1962",1,1
"dagobah","Joker_Alex21",1,13
"dailego","mybabychoose",1,18
"daisytreloar","palkeyspodcast",1,3
"damerons","BrickSetSearch",1,1285
"damycha","ActionSebastian",1,2
"danke","RuthHeinzelmann",1,5
"daxter","InUrHeadRent3",1,1
"daxter","Vel_Sparko",1,3
"daz","Darth_Zee",1,2
"dbzbt3","JonEnsman",1,8
"decade","anzu_is_online",1,3
"decorations","BlueMilkMama",1,2
"delaying","XDXD90622803",1,2
"demonslayer","Dark_kingjay",1,2
"department","startrekccg1e",1,3
"depository","primesilver",1,6
"detailsğŸ‘‡","BoonSlevin",1,9
"determinedly","primesilver",1,6
"developed","StarWarsInforms",1,21
"devour","korrayonce",1,1
"devs","aliceonkino",1,1
"devs","MjrMalevolence",1,3
"devs","sega_ps1fan",1,4
"devs","Super_Nova_010",1,3
"dexs","Knuckle_HeadTV",1,2
"diehard","Y33tF",1,1
"dildos","tremoore2011",1,2
"dimensions","LEGOStarWarsS2",1,47
"dimensions","MtthwClmn",1,13
"diner","Knuckle_HeadTV",1,2
"dinosaurs","MuddledDelight",1,6
"directed","Albrett_",1,2
"disagreement","GuavaDaPengu",1,3
"discloses","PvPLive_Net",1,5
"discontinued","BigTopApps",1,16
"discontinued","BrickSetSearch",1,1285
"discontinued","lauralaura27",1,2
"discouraged","Uh_Halo",1,2
"discs","TheLEGObrick_",1,3
"dishonored","Tiernan80037340",1,1
"disinformation","LEGOStarWarsS2",1,47
"disney+","cetojevic_dana",1,4
"disney+","GeekGeneration",1,4
"disney+","MichaelDinich",1,3
"disney+","SNEAKPEEKCA",1,2
"disneystar","dlatusek12",1,6
"displayï¿½","AppDropped_UK",1,14
"disposable","AKat47u",1,3
"dissapointed","Fake_ManorRT",1,1
"dkc","epicbossfunnyha",1,3
"dokev","ASMRGamingNews",1,2
"dokev","maurztuia",1,2
"donda","EmotionIessBruh",1,1
"donda","washedboomer",1,3
"doubledsided","ffn_bbq",1,6
"dow","DrWongz",1,1
"downloading","TYScottOfficial",1,2
"dq8","JonEnsman",1,8
"dreamland","tommy_capozzi",1,5
"drearyclown","SickHorrorFreak",1,2
"dried","EanDuke",1,3
"drilled","Scotty__P",1,1
"droidekas","XenaGifts",1,129
"droids","FrankDiPaolo",1,4
"droids","Lego_enthusiast",1,124
"droids","vinterp2",1,2
"droidwho","legofac",1,8
"drooling","flxshallens",1,1
"dsğŸ˜³","rileytheereylo",1,2
"dsmp","iconicranboo",1,6
"dvdcdbookjunk","BurlyPowerMew",1,3
"dyeing","babano22",1,6
"â¦ebayâ©","andrearweir",1,12
"â¦ebaynewsroomâ©","andrearweir",1,12
"â¦ebaypromoterâ©","andrearweir",1,12
"â¦ebaysurferâ©","andrearweir",1,12
"â¦ebayukâ©","andrearweir",1,12
"ecto1","futureotforce",1,18
"ecto1","zavvi",1,9
"editions","DependentSpider",1,5
"editions","SleepyKittyPaw",1,3
"editionwith","BuildingToys1",1,68
"eeni","brandhubbsa",1,13
"eisley","BrickSetSearch",1,1285
"eisley","BuildingToys1",1,68
"eisley","hattdesigns",1,1
"eisley","mydealz",1,2
"eisley","XenaGifts",1,129
"emotes","portchd",1,2
"empiresithlast","NicdSF",1,6
"enamored","EanDuke",1,3
"encompassing","UltraTexcap",1,2
"endgame","rowoof",1,10
"endgame","TriforceTrends",1,3
"engadget","therealpreneur_",1,2
"enthusiast","Kevindots0n69",1,2
"entice","technavemy",1,4
"environments","pasty_mr",1,1
"episodeğŸš¨ğŸ”¥hondoling","BoresStar",1,12
"errands","angeryarcanine",1,1
"errors","bobafettfanclub",1,14
"erstes","Zusammengebaut",1,7
"escapist","EricSalamandra",1,4
"esclusiva","italiatopgames",1,1
"eternals","Appo_irl",1,3
"etheridge","theeagle",1,7
"everythings","abfuckingnorma1",1,1
"ewok","BestFamousToys",1,4
"ewok","CEOofKlein",1,1
"ewok","Lego_enthusiast",1,124
"exanima","TheDancingDoggo",1,4
"excerpt","PodcastStardust",1,7
"exclusively","bcsn_official",1,10
"exclusively","BigJermHQ",1,2
"exclusively","BitchinLego",1,30
"exclusively","Dizzedcom",1,1
"exclusively","Eclipse_Reviews",1,2
"exclusively","Epicjedi2",1,1
"exclusively","ExBulletinUk",1,1
"exclusively","FMyth_Gaming",1,1
"exclusively","game_spew",1,1
"exclusively","GamingCypher",1,2
"exclusively","GeekInfoNow",1,1
"exclusively","GodisaGeek",1,1
"exclusively","HackTheDino",1,5
"exclusively","HYPEBEAST",1,1
"exclusively","iPhoneinCanada",1,1
"exclusively","JediNewsNetwork",1,23
"exclusively","modcontrollerz",1,1
"exclusively","N4G",1,1
"exclusively","NewsItech",1,1
"exclusively","newsx24channel",1,1
"exclusively","oxtexnet",1,3
"exclusively","StarWarsCommand",1,6
"exclusively","swtorstrategies",1,1
"exclusively","ThatBrickSite",1,1
"exclusively","the_newsmen",1,10
"exclusively","TittlePress",1,1
"exclusively","UpMyTech",1,1
"exclusively","Wazupnaija",1,1
"exclusivity","mlgxxx808",1,1
"exploreres","K18WheelerGamer",1,4
"explosions","camp__lucky",1,7
"factcontext","legofac",1,8
"factorysealed","BrickSetSearch",1,1285
"fanatic","OfficialTGdudes",1,6
"faucon","Ephrael752",1,2
"favesss","imdumpsterboy",1,3
"fba","brickscanner",1,15
"fennec","BrickFanatics",1,81
"fennec","CinemaInNoir",1,4
"fennec","irishchinese",1,3
"fennec","oodja",1,3
"fennec","SWFisch77",1,4
"fetts","GregLCook",1,31
"fetts","OopsAllDrops",1,16
"ffx","Vel_Sparko",1,3
"fh5","BenjaminFrye17",1,3
"fictional","RoisinGalaxy",1,2
"fidelity","HD_Gamer_84",1,5
"fiending","SkyloftianSS",1,1
"figs","StevieBailey",1,6
"figurelego","jmertens",1,2
"figuren","BrickSetSearch",1,1285
"figurines","cxptyler",1,1
"firered","K18WheelerGamer",1,4
"fivehour","DrCompass1",1,2
"flak","PughChief",1,4
"fledged","mythicalpizza",1,4
"flesh","PlasmaPistolCEO",1,1
"flexing","RossReviewsAll",1,2
"flickering","BitchinLego",1,30
"fluid","ripclonefives",1,3
"fnac","Hebergementwebs",1,5
"forspoken","xSrPeluso",1,2
"fortnite","samshawmedia",1,4
"fortunate","1_Guinip",1,2
"franchises","DigitalTrends",1,3
"franchises","RobertLonechil1",1,1
"freakers","BizarreBlue_",1,4
"freddyssecurity","GamerMonkey_",1,12
"freeform","DejaViewstream",1,2
"freemaker","StarWarsInforms",1,21
"freemaker","SusanMcCoog",1,3
"freemaker","urbadthought",1,1
"freemakers","StarWarsInforms",1,21
"frick","braheemo7",1,2
"frigate","BrickSetSearch",1,1285
"frogger","MarnoASMRFan",1,10
"fsb","XenaGifts",1,129
"furryğŸ˜‡ğŸ˜…ğŸ’€ğŸ‘¹ğŸ˜¼","thenewskis",1,2
"furyclass","BrickSetSearch",1,1285
"gags","BrickFanatics",1,81
"gags","pushsquare",1,17
"galactic","XenaGifts",1,129
"galaxys","MtthwClmn",1,13
"gallerys","LordDagovere",1,5
"gamecom","BZP_Tweets",1,1
"gamecube","BenjaminStroupe",1,2
"gamecube","DabaronDaVinci",1,2
"gamecube","SgtDragon",1,2
"gamecube","TheRealTinyGeek",1,1
"gamecube","Tr3nt1n",1,1
"gamehut","Cyprian21375633",1,3
"gamesco","atc295",1,2
"gamesco","Potty_Snatcher",1,2
"gameskinny","BitchinLego",1,30
"gamestop","Instinct093",1,1
"gametrailers","GameLootNews",1,3
"gamr","sparta4492",1,2
"garek","MansurWaffles",1,3
"gaylegostar","ArtemisMagna",1,2
"gearbox","TheRealNooshu",1,1
"geekery","ACMcCumbers",1,4
"geonosian","SSGSSNUGGET69",1,2
"geonosis","ArtHolmdawg",1,2
"â€‹â€‹geonosis","LEGOStarWarsS2",1,47
"gestures","mythicalpizza",1,4
"ghabulous","ShrekBoiJr1",1,2
"ghostwire","FinalXV",1,5
"ghotis","ShrekBoiJr1",1,2
"ghoul","CatboyCopia",1,3
"gigant","EricSalamandra",1,4
"gilr","KrisTopherChaJn",1,1
"gizmodo","RamRadio7",1,2
"glacor","ClanQuest",1,10
"glup","MjrMalevolence",1,3
"goated","justxavier2004",1,9
"goated","peggles_V8SC",1,7
"gollum","FinalXV",1,5
"gollum","GamerMonkey_",1,12
"gonk","beanboy715",1,3
"gonk","FrankDiPaolo",1,4
"gonk","Titi_mokinho",1,1
"gothicgothic","GamerMonkey_",1,12
"gow2","LameMoZ",1,2
"graded","AzureAcedia",1,7
"granddaughter","ForbesCutler",1,1
"grandkids","carnabychick",1,2
"graphical","HD_Gamer_84",1,5
"graphically","CrispsCold",1,3
"greef","BrickSetSearch",1,1285
"grimoire","oxtexnet",1,3
"grimoire","rsoftsolution",1,2
"grininducing","pushsquare",1,17
"grogu","ivannaypau",1,2
"grogu","LEGOStarWarsS2",1,47
"grunting","jonathan_simps",1,5
"grunts","mythicalpizza",1,4
"gt|","ferniously",1,3
"gtav","GamerMonkey_",1,12
"gtbuy","KillThePast_",1,6
"gtdo","KillThePast_",1,6
"gtgt","AvenwoodZup",1,1
"gtgt","futureotforce",1,18
"gtgt","zavvi",1,9
"gtgtgtgt","KayTee15355740",1,15
"gtgtgtgt","peggles_V8SC",1,7
"gtgtgtgtgtgt","czechwun",1,2
"gtgtgtgtgtgt","peggles_V8SC",1,7
"gtgtgtgtgtgtfrom","KayTee15355740",1,15
"gtgtgtgtgtgtgt","RemnantSnow",1,1
"gtgtgtgtgtgtgtgt","ASP2CTT",1,1
"gtgtgtgtgtgtgtgtgtgt","robobbie_",1,4
"gtonly","KillThePast_",1,6
"gtsay","KillThePast_",1,6
"guacamelee","MyNickIsNick_",1,8
"guessshe","EchoSerpentinas",1,1
"gungan","BuildingToys1",1,68
"gunship","AzureAcedia",1,7
"gunship","BuildingToys1",1,68
"gunship","DarthWitciu1",1,4
"gunship","DgMsYT",1,5
"gunship","GadgetFlow",1,8
"gunship","ISIS_Slay3r",1,3
"gunship","legobrickvideos",1,24
"gunship","pakisdaddy",1,2
"gunship","pebsi82",1,5
"gunship","robobbie_",1,4
"gunship","XenaGifts",1,129
"gunshipğŸ˜Œ","StarWarsFan_327",1,3
"gunships","PoorGrady",1,8
"guyssss","OfficialTessonJ",1,3
"hadnt","LochNessMobsta",1,2
"hadnt","Mastermuz1",1,3
"hagrids","ToysNBricks",1,2
"hansolo","Ccero95257539",1,4
"hardly","mayapapaya319",1,1
"hardstyle","3starDrain",1,1
"hawkeye","DejaViewstream",1,2
"healthily","anzu_is_online",1,3
"heman","panekkkk",1,7
"hera","BuildingToys1",1,68
"hereâ¬‡ï¸","futureotforce",1,18
"hereee","MariaGelicaaa",1,3
"heres","A7ZATRU",1,7
"heres","bestkidstoysbiz",1,6
"heres","bobafettfanclub",1,14
"heres","gamesTMmag",1,1
"heres","PushStartMedia",1,2
"heros","DarthZilla19",1,5
"hexadecimal","___Flap___",1,4
"highlighted","LordDagovere",1,5
"hilts","DrWhom42",1,8
"hilts","StarWarsToysan1",1,58
"hints","___Flap___",1,4
"hints","BrickFanatics",1,81
"hiroyuki","jacksjollyroger",1,3
"hobbie","buescues",1,6
"holo","pmps_den",1,4
"homewrecker","papavaritis",1,1
"honors","DarthZilla19",1,5
"honourable","TriforceTrends",1,3
"hooper","SweetCandeegirl",1,5
"hotas","DanielF737EBook",1,1
"hover","MyNickIsNick_",1,8
"hovertank","XenaGifts",1,129
"htf","collectlegos",1,36
"htf","XenaGifts",1,129
"hyperspace","StarWarsNZ",1,3
"icymiepisode","PodcastStardust",1,7
"imore","BitchinLego",1,30
"impossibly","S_J_Dexter",1,2
"improvements","CRABcombat",1,1
"improvements","ESSGamingHQ",1,4
"improvements","PGNewsHQ",1,6
"ims","Spicy_NBA_Chili",1,8
"incredibles","ShilohCyan",1,12
"incredibly","jonathan_simps",1,5
"incredibly","vibegender",1,1
"indentify","___Flap___",1,4
"indepth","BrickFanatics",1,81
"indiana","AtSwindells",1,3
"indiana","berry_splat",1,1
"indiana","Blaster944",1,4
"indiana","CainSergal",1,1
"indiana","czechwun",1,2
"indiana","dreamcast767",1,1
"indiana","fromdusktiljuan",1,2
"indiana","fuckerstookkilo",1,1
"indiana","GeekToyLove",1,4
"indiana","GustavJonsson4",1,1
"indiana","MediaholicsBlog",1,4
"indiana","misty_horizons",1,1
"indiana","planetquotesbot",1,2
"indiana","Super_Nova_010",1,3
"indication","LEGOStarWarsS2",1,47
"infamous","DOAHITMAN",1,3
"infiltrator","collectlegos",1,36
"infinitely","EthanMacncheese",1,1
"ingual","Ccero95257539",1,4
"insomniacs","HD_Gamer_84",1,5
"instruction","IttzAndrew",1,2
"intention","that_uk_gamer",1,1
"interact","HailFeerick",1,2
"interact","LEGOStarWarsS2",1,47
"interceptor","BrickSetSearch",1,1285
"interceptor","Sneaky_Steals",1,7
"interrupted","apxkzhyds",1,1
"interspersed","DrWhom42",1,8
"intriguing","sega_ps1fan",1,4
"invent","olivercgoetz",1,10
"invincibility","DgMsYT",1,5
"issac","BirdsPromotion",1,3
"itd","RossReviewsAll",1,2
"itll","Blaster944",1,4
"itll","CaptainFoof",1,2
"itll","eclypse_tweets",1,2
"itll","GH_Cosplay",1,3
"itll","MediaholicsBlog",1,4
"itll","psycho_retros_2",1,3
"jabbas","BuildingToys1",1,68
"jactesson","OfficialTessonJ",1,3
"jango","BrickSetSearch",1,1285
"jango","jonathan_simps",1,5
"jedha","AdieSahota",1,2
"jedi","brickscanner",1,15
"jedi","BrickSetSearch",1,1285
"jedi","BuildingToys1",1,68
"jedi","DossaryNot",1,2
"jedi","FrogCass",1,1
"jedi","GM_Banderas",1,3
"jedi","Hebergementwebs",1,5
"jedi","HewottTheGreat",1,1
"jedi","HeyItzGeorgiaxx",1,1
"jedi","jedi_almill",1,1
"jedi","Layilith",1,2
"jedi","LEGOStarWarsS2",1,47
"jedi","NicdSF",1,6
"jedi","peggles_V8SC",1,7
"jedi","PodcastStardust",1,7
"jedi","ShilohCyan",1,12
"jedi","Sneaky_Steals",1,7
"jedi","XenaGifts",1,129
"jediâ„¢","brickscanner",1,15
"jetpack","Aaron_Skyguy",1,2
"jfc","chrismckee",1,1
"jfo","ConnaireKempst1",1,1
"jogabilidade","combocasterpt",1,1
"jonesmarveldc","MyNickIsNick_",1,8
"jonesy","SMM2_bot",1,13
"joys","MuddledDelight",1,6
"jumpscared","vinterp2",1,2
"jurassic","206geek",1,4
"jurassic","aB_Silencer",1,6
"jurassic","afnewsinfo",1,1
"jurassic","BrickSetSearch",1,1285
"jurassic","ComicBookNOW",1,1
"jurassic","JamesMatlock04",1,3
"jurassic","ManyCatsCIC",1,5
"jurassic","NerdApproved",1,1
"jurassic","playitagain88",1,4
"juuuuuuuust","AlanAleksanderA",1,1
"kaminocoruscant","evilpandaninja",1,1
"karga","BrickSetSearch",1,1285
"kashyyyk","AndrewLTumlin",1,5
"kashyyyk","StarWarsToysan1",1,58
"keert","Medianieuwtjes",1,4
"keert","tweakers",1,4
"kef","EvanintheHaus",1,4
"keighley","ezdlc",1,4
"keighley","playitagain88",1,4
"kenobi","GH_Cosplay",1,3
"kenobi","iDropNews",1,6
"kenobi","justxavier2004",1,9
"kenobi","LinterniG",1,6
"kenobi","RebelHeirPod",1,3
"kenshi","TheDancingDoggo",1,4
"kessel","futureotforce",1,18
"kessel","MarkinOutLoud",1,4
"ketamine","bwogre",1,3
"kiddo","CamiBellyButton",1,1
"kimji","EvanintheHaus",1,4
"kindergartner","theeagle",1,7
"kirbys","Palamedez",1,3
"kloss","EvanintheHaus",1,4
"knitting","ACMcCumbers",1,4
"knockoff","PEBPhotography",1,6
"kohls","brickscanner",1,15
"komplett","BrickSetSearch",1,1285
"koon","bcolbymartin",1,2
"kyber","LEGOStarWarsS2",1,47
"kylos","DrWhom42",1,8
"lacking","KingOfTheSquill",1,1
"lambda","gregbarkhamjr",1,7
"landed","BrickFanatics",1,81
"landed","RuthHeinzelmann",1,5
"landspeeder","collectlegos",1,36
"laps","JenBandicoot",1,6
"lasers","camp__lucky",1,7
"lawsuits","adamshostack",1,4
"leafgreen","K18WheelerGamer",1,4
"legion","BrickSetSearch",1,1285
"legion","XenaGifts",1,129
"legoÂ®","Geek1elf",1,2
"legoÂ®","revistawhatsup",1,7
"legoÂ®","Tecnogusblog",1,4
"legogroup","the_newsmen",1,10
"legolas","Lefishman1",1,1
"legos","9to5toys",1,5
"legos","Ailerwassuspndd",1,2
"legos","B1GStark",1,2
"legos","bobafettfanclub",1,14
"legos","dlatusek12",1,6
"legos","DreTop1a",1,1
"legos","Lego_enthusiast",1,124
"legos","mythicalpizza",1,4
"legos","omonotagain",1,2
"legos","skyguy_anakin_",1,1
"legos","SleepyKittyPaw",1,3
"legostarwars","alien_merchant",1,15
"lenzwin","HapanOutcast",1,2
"lexis","sharkydaemoness",1,1
"lgbas","chilledsammy",1,3
"licensed","ffn_bbq",1,6
"lifesized","theavltoday",1,8
"light2","GamerMonkey_",1,12
"lightsaber","DrWhom42",1,8
"lightsaber","justxavier2004",1,9
"lightsaber","swcutscenes",1,21
"lightsaber","TheRealRene19",1,2
"lightsaber","wynnedief",1,5
"lightsabers","HossPlayz",1,3
"lilly","Lilly_Pillie",1,4
"limiting","LankyApollo",1,1
"lmtd","BuildingToys1",1,68
"locallyowned","theavltoday",1,8
"lomdon","DrAshleyMorgan1",1,3
"lostcouldnt","CrochetTrooper",1,4
"lotcasesmanuals","alana_thrower",1,1
"lovehate","DarthWitciu1",1,4
"lovitt","MichaelDinich",1,3
"lsw","Blaster944",1,4
"lsw","MediaholicsBlog",1,4
"lucasarts","StarWarsInforms",1,21
"lucasfilm","CGMagonline",1,1
"lucasfilm","clevelandwest",1,3
"lucasfilm","Nerdmovieprod",1,3
"lucasfilm","RuthHeinzelmann",1,5
"lucasfilm","the_newsmen",1,10
"lucasfilm","thegamerwebsite",1,1
"luckily","Mandalore4Ever",1,2
"luckys","camp__lucky",1,7
"luigi","ItsMeAaronP",1,5
"macfarlane","lilian_orchard",1,1
"macrumors","BitchinLego",1,30
"maguire","CheeksGhandi",1,2
"â¦mainetreasuresâ©","andrearweir",1,12
"mainly","bananabot24",1,2
"majoras","equestrianduck",1,2
"malen","MansurWaffles",1,3
"malevolence","PoorGrady",1,8
"malgus","BrickSetSearch",1,1285
"mandalorian","AppDropped_UK",1,14
"mandalorian","Appo_irl",1,3
"mandalorian","BrickFanatics",1,81
"mandalorian","ivannaypau",1,2
"mandalorian","JediNewsNetwork",1,23
"mandalorian","justxavier2004",1,9
"mandalorian","ourbabybun",1,5
"mandalorian","RestocksNow",1,4
"mandalorian","rogueitems",1,2
"mandalorian","Starrapter",1,2
"mandalorian","stephenheggie",1,4
"mandalorian","swingaway760",1,3
"mandalorian","TheNicoFett",1,6
"mandalorian","wickedgadgetry",1,15
"mandalorian","XChristmasGifts",1,3
"mandalorians","LEGOStarWarsS2",1,47
"mandothemed","BrickFanatics",1,81
"manhole","playitagain88",1,4
"manifesting","ThisIsCyclops",1,3
"manualno","StarWarsToysan1",1,58
"manuals","mmarkwell",1,2
"marauder","BrickSetSearch",1,1285
"marauder","GregLCook",1,31
"marauder","StarWarsToysan1",1,58
"marauder","XenaGifts",1,129
"marketed","GeekToyLove",1,4
"marvels","babano22",1,6
"marvels","NookiboLive",1,2
"marvelstar","ItsMeAaronP",1,5
"masquerade","FinalXV",1,5
"mauls","bibliotecaJedi",1,5
"mcvey","amberwine",1,3
"mcvey","BradWardFight",1,2
"mcvey","elmelegey",1,5
"mcvey","extrahotmovies",1,3
"mcvey","FanthaTracks",1,15
"mcvey","hector_MJ_CR7",1,3
"mcvey","JediNewsNetwork",1,23
"mcvey","justinlasalata",1,5
"mcvey","ositobarrigon",1,5
"mcvey","Phase9tv",1,3
"mcvey","PluggedInFamily",1,3
"mcvey","PortHavenForums",1,3
"mcvey","starjoes1",1,2
"mcvey","StarWarsCommand",1,6
"mcvey","StarWarsGear",1,3
"mcvey","TheWendyWright",1,3
"meaaaan","BenjaminFrye17",1,3
"mech","BrickSetSearch",1,1285
"meeni","brandhubbsa",1,13
"megablock","dane_thoughts",1,1
"mehr","BrickSetSearch",1,1285
"meiers","xeanort99",1,5
"memberkrisherobrine1","LEGOStarWarsS2",1,47
"mentto","Ccero95257539",1,4
"merchandising","startrekccg1e",1,3
"merumeru","AndrewLTumlin",1,5
"metroid","TriforceTrends",1,3
"mgs3","Vel_Sparko",1,3
"mgs3","wristbow",1,3
"mhmm","Lilly_Pillie",1,4
"microfight","thejessijames",1,15
"microfighter","KowalskiDylan",1,4
"microfighters","BrickSetSearch",1,1285
"microfighters","noticieroporno",1,4
"microfighters","sexotube1",1,4
"microfighters","ToyPhotoBlog",1,6
"micromachines","panekkkk",1,7
"millenium","BrickSetSearch",1,1285
"millenium","Ephrael752",1,2
"millenium","rowoof",1,10
"millennium","77_collings",1,4
"millennium","9to5toys",1,5
"millennium","BrickFanatics",1,81
"millennium","IGNDeals",1,5
"millennium","InfoLegolatero",1,4
"millennium","KowalskiDylan",1,4
"millennium","LegoCreativity",1,4
"millennium","poocgeddon",1,4
"millennium","primesilver",1,6
"millennium","Quinten_Lee",1,4
"millennium","starwars_spec",1,4
"millennium","tormentalous",1,10
"millennium","ToysandGamesUK1",1,2
"millennium","Yottabrick",1,15
"millennium","zavvi",1,9
"millennium","ZoneLego",1,4
"miney","brandhubbsa",1,13
"mingna","CinemaInNoir",1,4
"mingna","ComicBook",1,2
"mingna","irishchinese",1,3
"mingna","oodja",1,3
"mingna","SWFisch77",1,4
"mingna","thescavalry",1,1
"minifig","_Mandotory_",1,2
"minifig","BestFamousToys",1,4
"minifigs","BrickSetSearch",1,1285
"minifigs","BuildingToys1",1,68
"minifigs","DrJaxNole",1,2
"minifigs","JustTimmNL",1,3
"minifigs","StarWarsToysan1",1,58
"minifigsyou","StarWarsToysan1",1,58
"minifigure","BestFamousToys",1,4
"minifigure","FanthaTracks",1,15
"minifigure","wicked_brick",1,8
"minifigure","wynnedief",1,5
"minifigures","BrickSetSearch",1,1285
"minifigures","KayTee15355740",1,15
"minifigures","poocgeddon",1,4
"minifort","KayTee15355740",1,15
"minikits","JenBandicoot",1,6
"minilego","MiniLegoProduc1",1,3
"misadventures","Elyjasartwork",1,2
"miscellaneous","thenewskis",1,2
"misprint","collectlegos",1,36
"missionâ­","bibliotecaJedi",1,5
"mitty","JoeDobrynski",1,2
"mizbetsyh","Quinten_Lee",1,4
"mobiele","Medianieuwtjes",1,4
"mobiele","tweakers",1,4
"modder","LinterniG",1,6
"modders","Josephille_",1,3
"modification","stephenheggie",1,4
"momentsğŸ˜ğŸ˜˜","love_grogu",1,2
"monsterarts","rowoof",1,10
"moonlit","ManyCatsCIC",1,5
"moots","DOAHITMAN",1,3
"moveaim","aspiraldance",1,4
"moviesdone","NerdyNinja7",1,1
"mp3s","panekkkk",1,7
"mtts","PoorGrady",1,8
"mumble","UVLIGHING",1,1
"mumbles","TheJamOfSteel",1,2
"mustache","chilledsammy",1,3
"mustve","ItsRoobesIdiot",1,1
"mustve","TheQueenMarakel",1,1
"mvc2","KazeYoTsutaete",1,1
"naboo","AdamBear37",1,1
"naboo","BuildingToys1",1,68
"naboo","iDropNews",1,6
"naboo","XenaGifts",1,129
"narrowed","ZoroJanai",1,3
"nder","rowoof",1,10
"nds","upgg_neutral",1,2
"neopets","MarnoASMRFan",1,10
"nerdy","coprespecter420",1,2
"nerdy","RachelLeishman",1,1
"nerdy","xuvszn",1,1
"neuovpsealed","BrickSetSearch",1,1285
"neurodivergent","SickHorrorFreak",1,2
"newer","buescues",1,6
"newer","EchthelionII",1,2
"newer","sean_doc16",1,1
"newsatw","isearch247",1,3
"newsgt","Eclipse_Reviews",1,2
"nfts","panekkkk",1,7
"nib","BrickSetSearch",1,1285
"nib","collectlegos",1,36
"nib","thejessijames",1,15
"nihil","PodcastStardust",1,7
"nikos","SMM2_bot",1,13
"nisb","XenaGifts",1,129
"noeasy","rowoof",1,10
"nonfiction","detoo",1,6
"nonnintendo","MarnoASMRFan",1,10
"nostalgic","LEGOStarWarsS2",1,47
"noteable","SMM2_bot",1,13
"noticeable","GeekToyLove",1,4
"novels","detoo",1,6
"now2022","eclypse_tweets",1,2
"nowhttpstco8nfpijfyph","getyourcomicon",1,2
"nrg","washedboomer",1,3
"nsab","bananabot24",1,2
"nutted","gutznotguts",1,1
"nuuuuuuuut","SystMSenpai",1,1
"nver","dexea_",1,2
"oat","lazvstheworld",1,1
"obiwan","iDropNews",1,6
"obiwan","PughChief",1,4
"obiwans","BrickSetSearch",1,1285
"obiwans","LEGOStarWarsS2",1,47
"objective","Shiinovii",1,3
"obtaining","planyourwebsite",1,1
"octan","stephenguyott",1,3
"octopus","115HaseebR",1,1
"oddparents","MarnoASMRFan",1,10
"odgers","camp__lucky",1,7
"odst","NierEnix",1,1
"offplanet","BizarreBlue_",1,4
"offplanet","comuesp_",1,8
"onl","ezdlc",1,4
"onl","gamesbestbuy1",1,3
"onl","new_games_new",1,3
"onl","Striker__8",1,3
"only$350","StarWarsToysan1",1,58
"ontop","BurlyPowerMew",1,3
"onward","Stupacabra",1,6
"ooc","legofac",1,8
"openworld","DigitalTrends",1,3
"openworld","MtthwClmn",1,13
"organically","FloofyBat",1,1
"orrelios","BuildingToys1",1,68
"overhauled","JamieMoranUK",1,2
"owned","AtSwindells",1,3
"owned","DependentSpider",1,5
"owned","jackshippo",1,2
"oxygen","GamerMonkey_",1,12
"p2w","dominicsjr",1,2
"padawan","palkeyspodcast",1,3
"pads","LEGOStarWarsS2",1,47
"palpatines","collectlegos",1,36
"palpatines","KyleO58088433",1,2
"panicking","RevSethDub",1,1
"panther","Tazbarneygg",1,2
"paperbacks","detoo",1,6
"particle","HatsuneMarvin",1,1
"pasaana","EvanintheHaus",1,4
"payne","wristbow",1,3
"peloponnesian","vogliamo_tutto",1,2
"peons","AKat47u",1,3
"perfeft","Josephille_",1,3
"persia","FinalXV",1,5
"persia","WyattMitchison",1,2
"pfp","Hero0fSandwich",1,1
"pfp","jokeyjoke420",1,1
"pfp","PoorGrady",1,8
"pfps","loganbrewer75",1,1
"photovideo","MiniLegoProduc1",1,3
"pianos","theavltoday",1,8
"piec","BrickSetSearch",1,1285
"pikuniku","MyNickIsNick_",1,8
"pintaza","PratDaniel",1,1
"pipelines","Uh_Halo",1,2
"pipes","SMM2_bot",1,13
"pix","SweetCandeegirl",1,5
"plates","ffn_bbq",1,6
"platformer","S3NT1N3L17",1,5
"playable","AndrewLTumlin",1,5
"playable","ClutchicanCool",1,2
"playable","Impracticaltv",1,1
"playable","Redrose357_",1,1
"playable","ThisIsCyclops",1,3
"playerside","ESSGamingHQ",1,4
"playerside","PGNewsHQ",1,6
"playset","BrickSetSearch",1,1285
"plo","bcolbymartin",1,2
"podracer","stephenguyott",1,3
"podracer","XenaGifts",1,129
"podz","BoresStar",1,12
"pogger","pigeonthegamer",1,2
"poggg","Shiinovii",1,3
"pogging","Shiinovii",1,3
"pogs","panekkkk",1,7
"pokÃ©","tommy_capozzi",1,5
"pokemons","PikaPlaysSSF2",1,1
"polished","CaptainFoof",1,2
"polished","MrGuySoto",1,2
"poopy","ChildishSphinx",1,1
"poorly","LEGOStarWarsS2",1,47
"popoy","SMM2_bot",1,13
"popped","chugway1138",1,1
"porg","olivercgoetz",1,10
"porting","Dillian_Criker",1,7
"postsnes","drpants",1,2
"powerup","SMM2_bot",1,13
"powrcast","powercast5",1,1
"precision","aspiraldance",1,4
"prehistoric","JamesMatlock04",1,3
"prequels","KillThePast_",1,6
"preshow","ezdlc",1,4
"prevention","RebelHeirPod",1,3
"pricey","Rashidaaah",1,2
"princesses","StarWarsWorld12",1,1
"prism","MuddledDelight",1,6
"produces","PEBPhotography",1,6
"projectboymom","ismailernie",1,3
"ps45","GeekyDealsDaily",1,1
"ps5xsx","psycho_retros_2",1,3
"psplus","GamerMonkey_",1,12
"psychonauts","ferniously",1,3
"psychonauts","S3NT1N3L17",1,5
"puffin","olivercgoetz",1,10
"puffins","olivercgoetz",1,10
"pupils","RuthHeinzelmann",1,5
"pursuit","collectlegos",1,36
"quests","LEGOStarWarsS2",1,47
"quiplash","Tranman64",1,4
"quirky","funkysandals22",1,3
"r2d2","BrickSetSearch",1,1285
"r2d2","collectlegos",1,36
"r2d2","DanielleVEsq",1,4
"r2d2","FrankDiPaolo",1,4
"r2d2","jooji88",1,1
"r2d2","LegoDealsUK",1,14
"r2d2","library_fae",1,1
"r2d2","ozbargain",1,7
"r2d2","SABooksPro",1,5
"r2d2","sithshailar",1,3
"r2d2","SummerTheJedi",1,4
"r2r7","BuildingToys1",1,68
"r3m2","StarWarsToysan1",1,58
"rabbids","OctoDan05",1,5
"racer","TreyFarrow",1,1
"radicalized","CAPTAINGUCCI420",1,1
"raged","DgMsYT",1,5
"ragnarok","GamerMonkey_",1,12
"ragnarok","OctoDan05",1,5
"ragnarok","xSrPeluso",1,2
"ragnarokcap","NicdSF",1,6
"raimi","ShilohCyan",1,12
"rainbows","MuddledDelight",1,6
"raji","skittlejunkie_",1,2
"rampc","ohsnapitysnapz",1,3
"ranboo","sophlikesbugs",1,1
"ratchet","CrispsCold",1,3
"ratchet","imdumpsterboy",1,3
"ratchet","zOf2Halves",1,2
"raumschiffe","BrickSetSearch",1,1285
"rayman","OL_Thomas_",1,5
"re0","ToksanAlpha",1,2
"realllly","blakecissel",1,3
"realtime","AppleArcade",1,2
"realtime","appleinsider",1,2
"realtime","BoonSlevin",1,9
"realtime","z4mp1",1,4
"reannounced","bobafettfanclub",1,14
"reannouncement","bobafettfanclub",1,14
"reassemble","mmarkwell",1,2
"rebels","BuildingToys1",1,68
"rebels","offial_a_ant",1,1
"rebels","SailorDisco",1,1
"reboot","S3NT1N3L17",1,5
"recovering","samshawmedia",1,4
"recreates","WikiRandomWalk",1,2
"redeem","ItsMeAaronP",1,5
"redid","DOAHITMAN",1,3
"reenacted","tomrade_",1,1
"reenacting","love_grogu",1,2
"reintroduce","aidenlampitt",1,1
"remade","LinterniG",1,6
"remaster","Vi_tor2",1,1
"render","ohsnapitysnapz",1,3
"rens","BuildingToys1",1,68
"rens","thejessijames",1,15
"rens","ToysNBricks",1,2
"restock","GamerStockist",1,10
"resurant","planetquotesbot",1,2
"retiring","BricksFanz",1,4
"retold","robby_weidemann",1,7
"retronauts","Stupacabra",1,6
"revisiting","TevvyWevvyy",1,1
"revived","nate_shellito",1,1
"reys","DrWhom42",1,8
"ri9ght","CatboyCopia",1,3
"â¦richard57307834â©","andrearweir",1,12
"riders","comuesp_",1,8
"risking","adamshostack",1,4
"roam","AndrewLTumlin",1,5
"rogr","SusanMcCoog",1,3
"romantically","bannon_luckert",1,1
"romantically","brusselsprou",1,1
"rostonslashgear","TechInvestNews",1,2
"rotj","ichiroao",1,1
"roughly","AzureAcedia",1,7
"rovios","GM_Banderas",1,3
"rumour","MrFilpMix",1,2
"runners","LEGOStarWarsS2",1,47
"sagağŸ˜","pilox29",1,1
"sagaintelgamerdays","toasteez9840",1,1
"sagalater","LEGOStarWarsS2",1,47
"sagaoh","KDubsScholar",1,1
"sagas","ArtHolmdawg",1,2
"sagas","ESSGamingHQ",1,4
"sagas","justxavier2004",1,9
"sagas","LEGOTSSNEWSII",1,7
"sagas","PGNewsHQ",1,6
"sagas","pushsquare",1,17
"sagas","RamRadio7",1,2
"sagas","superfabis",1,1
"salacious","amberwine",1,3
"salacious","BradWardFight",1,2
"salacious","CelebrityGigMag",1,4
"salacious","elmelegey",1,5
"salacious","extrahotmovies",1,3
"salacious","FanthaTracks",1,15
"salacious","hector_MJ_CR7",1,3
"salacious","JediNewsNetwork",1,23
"salacious","justinlasalata",1,5
"salacious","movietvtechgeek",1,7
"salacious","ositobarrigon",1,5
"salacious","Phase9tv",1,3
"salacious","PluggedInFamily",1,3
"salacious","PortHavenForums",1,3
"salacious","starjoes1",1,2
"salacious","StarWarsCommand",1,6
"salacious","StarWarsGear",1,3
"salacious","TheWendyWright",1,3
"salacious","XtremeXEN",1,4
"saltacielos","noticieroporno",1,4
"saltacielos","sexotube1",1,4
"sammlung","BrickSetSearch",1,1285
"sanctus","xeanort99",1,5
"sandbox","sega_ps1fan",1,4
"sandcrawler","msd3adpool",1,7
"sands","WyattMitchison",1,2
"sapnap","KARLLOVECLUB",1,1
"sast","thisisloudlungs",1,10
"saxon","XenaGifts",1,129
"scalpers","StringAged",1,3
"scattered","MuddledDelight",1,6
"scoobydoo","theavltoday",1,8
"scottie","camp__lucky",1,7
"scouttrooper","TheKnowledgeFe1",1,1
"screeching","PlanetRainn",1,1
"screengrabs","DrAlanMurta",1,1
"scrubbed","bobafettfanclub",1,14
"scrubbing","robby_weidemann",1,7
"sculptures","BrickSetSearch",1,1285
"seenğŸ˜ğŸ˜","JakobPeabody",1,1
"sep302021","BigTopApps",1,16
"seperately","GuavaDaPengu",1,3
"sequel","Albrett_",1,2
"sequel","babano22",1,6
"sequel","DossaryNot",1,2
"sequel","olivercgoetz",1,10
"settles","LEGOTSSNEWSII",1,7
"shand","BrickFanatics",1,81
"shand","CinemaInNoir",1,4
"shand","irishchinese",1,3
"shand","oodja",1,3
"shand","SWFisch77",1,4
"shangchi","Appo_irl",1,3
"shinylocke","K18WheelerGamer",1,4
"shitto","MjrMalevolence",1,3
"shizz","DrAshleyMorgan1",1,3
"shoots","jdaIrymple",1,2
"shouldve","justxavier2004",1,9
"showcases","_NoMoreMutants",1,2
"showcases","CBR",1,2
"showcasing","BrickFanatics",1,81
"shredders","aB_Silencer",1,6
"shredders","gamesbestbuy1",1,3
"shredders","kalebhanson0104",1,9
"shredders","new_games_new",1,3
"shredders","SGC64Matt",1,3
"shuttered","GamerIntel",1,1
"shuttered","GamerMonkey_",1,12
"shuttered","Polygon",1,1
"shuttered","SuriKrieger",1,1
"shuttered","ToyerToys",1,15
"shuttered","WifeGamers",1,2
"sidecar","XenaGifts",1,129
"sidious","KyleO58088433",1,2
"sifu","FinalXV",1,5
"sifu","kalebhanson0104",1,9
"sifu","NackSavik",1,2
"sifu","SGC64Matt",1,3
"sighted","EanDuke",1,3
"simpler","maddd1ZZ3",1,1
"singleplayer","thekarki",1,1
"sith","bare_gamer",1,1
"sith","collectlegos",1,36
"sith","flying_donkeys_",1,1
"sith","LEGOTSSNEWSII",1,7
"sith","stinabarber81",1,4
"sith","Yottabrick",1,15
"sith","yugiomoto",1,2
"sixth","primesilver",1,6
"sizenew","StarWarsToysan1",1,58
"skellig","olivercgoetz",1,10
"skwalker","SNEAKPEEKCA",1,2
"skylanders","ADecentArtist",1,2
"skywakler","GalateoJoey",1,1
"skywalkers","GameVault8",1,2
"skyward","ClanQuest",1,10
"skyward","tommy_capozzi",1,5
"skywlaker","XDXD90622803",1,2
"slashed","BrickFanatics",1,81
"slashed","futureotforce",1,18
"slashed","zavvi",1,9
"slate","wlwlucas",1,1
"slave1","BrickSetSearch",1,1285
"slayer","comuesp_",1,8
"slipgate","comuesp_",1,8
"smm2","Tranman64",1,4
"smnwh","MrFilpMix",1,2
"smugglers","lukerob72317804",1,2
"snag","ItsMeAaronP",1,5
"snagged","TheWhirlEBird",1,3
"snazzy","ItsMeAaronP",1,5
"snowspeeder","legobrickvideos",1,24
"snowspeederâ„¢","brickmerge",1,8
"snowtrooper","StarWarsToysan1",1,58
"snowtrooper","XenaGifts",1,129
"snuffu","Andrew99717653",1,1
"soğŸ˜’","MrIppikodoku",1,1
"solidğŸ‘ğŸ¼","demssb",1,1
"somebodys","AnNguyenLoveli",1,1
"sortearÃ¡","xeanort99",1,5
"sounding","Aquaria777",1,1
"spaceplan","MyNickIsNick_",1,8
"spacescifi","TransPunk_",1,6
"spaceship","Josephille_",1,3
"spaceship","MarkinOutLoud",1,4
"sparen","brickmerge",1,8
"sparks","OctoDan05",1,5
"specified","TomorrowedBlog",1,2
"speculated","Crochet_Jedi",1,2
"speeder","KayTee15355740",1,15
"speeder","XenaGifts",1,129
"speeders","theeagle",1,7
"speedrun","kodisnap",1,1
"spherical","GadgetFlow",1,8
"spiegelbestsellerlists","detoo",1,6
"spiltgate","skittlejunkie_",1,2
"spinjump","SMM2_bot",1,13
"spirited","ShilohCyan",1,12
"splatoon","OctoDan05",1,5
"splitgate","Spicy_NBA_Chili",1,8
"splitters","JonEnsman",1,8
"spyro","ferniously",1,3
"squadron","kalebhanson0104",1,9
"sskjl","TheOnlyBossBaby",1,1
"ssx","BenjaminStroupe",1,2
"stacked","LongRagnar",1,3
"stacked","MauroNL3",1,1
"stacked","MikeMonty8",1,4
"stadia","Lord_Warpa",1,2
"starfield","LameMoZ",1,2
"starfield","OctoDan05",1,5
"starfield","oskool_g",1,2
"starfield","TheACMJS",1,1
"starfield","TyrLuthor",1,2
"starfighter","BigTopApps",1,16
"starfighter","BuildingToys1",1,68
"starfighter","Layilith",1,2
"starfighter","stephenheggie",1,4
"starfighter","thejessijames",1,15
"stark","UNDERRO0S",1,1
"starscavenger","XenaGifts",1,129
"starship","bobafettfanclub",1,14
"starship","GregLCook",1,31
"starship","OopsAllDrops",1,16
"starship","poocgeddon",1,4
"starships","LEGOStarWarsS2",1,47
"startet","CaschysBlog",1,1
"staton","theeagle",1,7
"stoked","BogusMeatFactor",1,1
"stopmotion","RyanMit69510512",1,1
"stormtrooper","AppDropped_UK",1,14
"stormtrooper","StarWarsToysan1",1,58
"stormtrooper","SummerTheJedi",1,4
"story+","EricSalamandra",1,4
"stranding","AjGrabias",1,1
"stranding","GamerMonkey_",1,12
"stranding","NackSavik",1,2
"strapons","_olicannoli",1,1
"streams","ClanQuest",1,10
"streams","CwilzZ",1,1
"strict","TSKNew999",1,2
"stuartgippgmailcom","Stupacabra",1,6
"stupidly","SolsticeTanner",1,1
"subcommunities","OzoneNerd",1,1
"submarine","Nwow72",1,2
"subnautica","ToksanAlpha",1,2
"suns","aB_Silencer",1,6
"suns","babano22",1,6
"suns","comuesp_",1,8
"suns","GltchdLtd",1,2
"suns","kalebhanson0104",1,9
"suns","NookiboLive",1,2
"suns","playitagain88",1,4
"suns","QianaYo53635588",1,1
"suns","Spicy_NBA_Chili",1,8
"superheros","apple13556",1,1
"supervillains","ThSleepyVampire",1,3
"supervisors","sithshailar",1,3
"surfaced","BrickFanatics",1,81
"surpassed","LEGOStarWarsS2",1,47
"surpasses","LEGOStarWarsS2",1,47
"surround","KevinElevinguy",1,2
"sustain","UltraTexcap",1,2
"swingout","GadgetFlow",1,8
"swisttal","promobricks",1,7
"swnz","StarWarsNZ",1,3
"symmetry~~~~","BurlyPowerMew",1,3
"synced","comuesp_",1,8
"synched","BizarreBlue_",1,4
"syndulla","BuildingToys1",1,68
"t16","noticieroporno",1,4
"t16","sexotube1",1,4
"t9","IanHopkinson_",1,3
"taika","jacksjollyroger",1,3
"takeaways","JamieMoranUK",1,2
"tano","Alex06777341",1,2
"tantive","LEGOStarWarsS2",1,47
"tantive","StarWarsFan_327",1,3
"tapped","ashofclanwren",1,2
"tarful","AndrewLTumlin",1,5
"tatoine","DiogoAntnioRis2",1,2
"tatooi","AppDropped_UK",1,14
"tatooine","LEGOStarWarsS2",1,47
"tatooine","thisisloudlungs",1,10
"tauntaun","BrickSetSearch",1,1285
"tauntaun","ToyPhotoBlog",1,6
"tcs","AkiraMiyazaki17",1,3
"tcs","beanboy715",1,3
"tcs","carksequel",1,1
"tcs","ColinHi47711591",1,1
"tcs","DgMsYT",1,5
"tcs","Dillian_Criker",1,7
"tcs","everythimgbagel",1,3
"tcs","Ivyevelynn",1,2
"tcs","JenBandicoot",1,6
"tcs","joe_propane",1,2
"tcs","pigeonthegamer",1,2
"tcs","pootatcat",1,2
"tcs","SamAsturiano",1,1
"tcs","Snubby21",1,1
"tcs","VeryTiredDreamr",1,1
"technic","9to5toys",1,5
"technic","BrickFanatics",1,81
"tempest","CelebrityGigMag",1,4
"tempest","movietvtechgeek",1,7
"tempest","OldSkoolGeek420",1,3
"tempest","StarWarsCommand",1,6
"tempest","XtremeXEN",1,4
"terraria","MyNickIsNick_",1,8
"terug","Medianieuwtjes",1,4
"terug","tweakers",1,4
"tf2","Tranman64",1,4
"thandiwe","JediNewsNetwork",1,23
"thandiwe","OldSkoolGeek420",1,3
"thanking","CanonChronicler",1,3
"thereğŸ˜”","mkijnustice",1,1
"theyve","portchd",1,2
"theyve","psycho_retros_2",1,3
"theyve","SleepyKittyPaw",1,3
"theyve","vogliamo_tutto",1,2
"thisgamesconbus","Spicy_NBA_Chili",1,8
"thoughtsğŸ‘‰","A7ZATRU",1,7
"thrawn","CatboyCopia",1,3
"thrawn","detoo",1,6
"tiein","BrickFanatics",1,81
"tikes","Crochet_Jedi",1,2
"timer","TSKNew999",1,2
"titles","Dillian_Criker",1,7
"titles","goomba_4_smash",1,1
"titles","GreyClo74866596",1,4
"titles","upgg_neutral",1,2
"â„¢","revistawhatsup",1,7
"â„¢","Tecnogusblog",1,4
"tmnt","aB_Silencer",1,6
"tmnt","bargains_brick",1,174
"tmnt","gamesbestbuy1",1,3
"tmnt","kalebhanson0104",1,9
"tmnt","new_games_new",1,3
"tmnt","overthinkn2much",1,1
"tmnt","SGC64Matt",1,3
"tmnt","Spicy_NBA_Chili",1,8
"tmnt","Tazbarneygg",1,2
"tmnt","ZoroJanai",1,3
"todesstern","BrickSetSearch",1,1285
"todler","ADecentArtist",1,2
"touches","SweetCandeegirl",1,5
"tracker","BuildingToys1",1,68
"trailerwhich","LEGOStarWarsS2",1,47
"trainz","TheMARCompany1",1,1
"transformed","OL_Thomas_",1,5
"travellers","Cyprian21375633",1,3
"travellers","PvPLive_Net",1,5
"travellers","StarWarsInforms",1,21
"treloar","palkeyspodcast",1,3
"trilogy","BrickFanatics",1,81
"trilogy","Conkigant",1,1
"trilogy","Ethan69776872",1,1
"trilogy","fromdusktiljuan",1,2
"trilogy","GreyClo74866596",1,4
"trilogy","hxc_lowlight",1,1
"trilogy","KillThePast_",1,6
"trilogy","LLyndby",1,1
"trilogy","MackyWasTaken",1,1
"trilogy","olivercgoetz",1,10
"trilogy","robobbie_",1,4
"trilogy","SilentRegulator",1,2
"trilogy","ThSleepyVampire",1,3
"trilogyğŸ˜","Coconut_enjoyer",1,1
"tron","Xammas",1,2
"troop","PoorGrady",1,8
"troop","XenaGifts",1,129
"tsushima","RoninTheWolf",1,2
"tsushima","Sammiesora2",1,1
"ttgames","ComicConNinja",1,1
"tuck","bwogre",1,3
"turrets","GadgetFlow",1,8
"tweetwhich","legofac",1,8
"twisw","JediNewsNetwork",1,23
"twisw","StarWarsCommand",1,6
"tydirium","StarWarsToysan1",1,58
"ucs","77_collings",1,4
"ucs","9to5toys",1,5
"ucs","AzureAcedia",1,7
"ucs","BrickFanatics",1,81
"ucs","BuildingToys1",1,68
"ucs","InfoLegolatero",1,4
"ucs","ISIS_Slay3r",1,3
"ucs","KristophParker",1,1
"ucs","LegoCreativity",1,4
"ucs","starwars_spec",1,4
"ucs","StarWarsFan_327",1,3
"ucs","TheGarageGamer1",1,3
"ucs","tormentalous",1,10
"ucs","ZoneLego",1,4
"ucs","Zusammengebaut",1,7
"ufl","comuesp_",1,8
"uhhhh","rileytheereylo",1,2
"unbespielt","BrickSetSearch",1,1285
"uncles","Laura_Ashling",1,1
"unequipped","Tact_Op",1,4
"units","iDropNews",1,6
"universes","HetaHell",1,1
"unleashed","AkiraMiyazaki17",1,3
"unleashed","JenBandicoot",1,6
"unleashed","Super_Nova_010",1,3
"unlockable","chilledsammy",1,3
"unobtrusive","blakecissel",1,3
"unopened","ashleyjones13",1,3
"unopened","BrickSetSearch",1,1285
"unopened","Shinyhunter48",1,2
"unopened","XenaGifts",1,129
"unpacking","bwogre",1,3
"unpacking","primesilver",1,6
"unsolved","iconicranboo",1,6
"untouched","LongRagnar",1,3
"unveiled","LEGOStarWarsS2",1,47
"unveils","MichaelDinich",1,3
"unwittingly","LEGOStarWarsS2",1,47
"upits","CheeksGhandi",1,2
"usuals","JoeDobrynski",1,2
"usw","BrickSetSearch",1,1285
"uwing","BrickSetSearch",1,1285
"vğŸ˜­","clawncroft",1,1
"vacuum","Darth_Zee",1,2
"vaders","bargains_brick",1,174
"vaders","BrickSetSearch",1,1285
"vaders","wicked_brick",1,8
"vaguely","_pendere",1,1
"vaguely","ilikemyjojo",1,2
"valheim","AmazonAzure",1,3
"valiant","TheDancingDoggo",1,4
"valsolo","BoresStar",1,12
"valuable","AzureAcedia",1,7
"venator","ismailernie",1,3
"vibed","blakecissel",1,3
"viewed","ffn_bbq",1,6
"villains","KelziniFinalMix",1,1
"vonregs","BrickSetSearch",1,1285
"vpnd","ChaseDunnette",1,1
"vtuber","ShenanigenPlays",1,1
"vultures","PoorGrady",1,8
"vwing","XenaGifts",1,129
"waaaay","GTechGeorge",1,3
"waffles","MansurWaffles",1,3
"wahhhhhhh","MariaGelicaaa",1,3
"warch","t_ravin_",1,1
"warsğŸ˜„","Cheif42",1,2
"warsğŸ˜­ğŸ˜­ğŸ˜­","arich____",1,1
"warsgeneral","AzureAcedia",1,7
"warsindiana","MyNickIsNick_",1,8
"warslucasfilm","dlatusek12",1,6
"warsmarvelrando","jmertens",1,2
"warsthe","JacobHe20876770",1,1
"warsâ„¢","BrickSetSearch",1,1285
"warsâ„¢","Geek1elf",1,2
"watchable","ShilohCyan",1,12
"wayyyy","wristbow",1,3
"wdw","SlothRedux",1,1
"weaker","Dillian_Criker",1,7
"weakest","ffn_bbq",1,6
"weakest","Kevindots0n69",1,2
"webex","sithshailar",1,3
"webkinz","MarnoASMRFan",1,10
"wellknown","BrickFanatics",1,81
"wens","CinemaInNoir",1,4
"wens","SWFisch77",1,4
"werent","omonotagain",1,2
"weve","BrickFanatics",1,81
"weve","church2550",1,1
"weve","itechbrand",1,9
"weve","LEGOStarWarsS2",1,47
"weve","zavvi",1,9
"wheres","mistiwyshak",1,3
"wheres","PyroFoxChloe",1,1
"wheres","Theperk77",1,1
"wheres","Zaykoza",1,1
"wholesome","dumplingshirara",1,3
"whyyyy","AQarllief",1,1
"wifeand","B1GStark",1,2
"winch","XanaduBIood",1,2
"witty","OfficialTGdudes",1,6
"wmanual","XenaGifts",1,129
"wminifigures","BuildingToys1",1,68
"wojak","anzu_is_online",1,3
"wolfenstein","NicdSF",1,6
"wookie","Keigan37109507",1,5
"wookiee","XenaGifts",1,129
"woooo","mutilatedlip",1,1
"worm","braheemo7",1,2
"woth","DrAshleyMorgan1",1,3
"writeup","Manchildalorian",1,1
"wufh","mabbombadil",1,1
"xboxgamer","XboxTrackr_fr",1,2
"xcloud","Hebergementwebs",1,5
"xwing","collectlegos",1,36
"xwing","thejessijames",1,15
"yaddle","GamesRadar",1,1
"yaddle","peggles_V8SC",1,7
"yanderedev","VGConcepts",1,1
"yearğŸ™„","lukeallinone",1,1
"yeeee","epicbossfunnyha",1,3
"yesterdays","YT_SplitScreen",1,1
"you`ve","OfficialTGdudes",1,6
"youd","jovieenrose",1,2
"youd","Stupacabra",1,6
"youll","beanboy715",1,3
"youll","funkysandals22",1,3
"youll","GreyClo74866596",1,4
"youll","thespooooder",1,1
"youve","Keigan37109507",1,5
"youve","sega_ps1fan",1,4
"zahn","Attila_The_Hutt",1,3
"zavvi","brickscanner",1,15
"zavvi","futureotforce",1,18
"zavvi","IGNDeals",1,5
"zavvi","InfoLegolatero",1,4
"zavvi","LegoCreativity",1,4
"zavvi","ozbargain",1,7
"zavvi","starwars_spec",1,4
"zavvi","tormentalous",1,10
"zavvi","ZoneLego",1,4
"zd","rowoof",1,10
"zeb","BuildingToys1",1,68
"zustand","BrickSetSearch",1,1285
