"user_id","screen_name","name","location","description","url","protected","followers_count","friends_count","listed_count","statuses_count","favourites_count","account_created_at","verified","profile_url","profile_expanded_url","account_lang","profile_banner_url","profile_background_url","profile_image_url"
"x3948305903","RekItRaven","Rek It, Raven! â˜ ","ğŸ“§: raven@theunderworld.live","Head of the @UnderworldTeam_. @1000DreamsFund winner. @vs_evil Herald. @TeamGuilded Partner. @DexGear Partner. Activist. ADHD AF. They/SheâœŠğŸ¾ ğŸŒˆAll BLM","https://flow.page/rekitraven",FALSE,9794,1761,53,12469,35004,2015-10-13 17:18:25,FALSE,,,,"https://pbs.twimg.com/profile_banners/3948305903/1614992845","http://abs.twimg.com/images/themes/theme1/bg.png","http://pbs.twimg.com/profile_images/1431708437751255046/hvEpJ32i_normal.jpg"
"x845769291605585920","Missing_Gen","Missing Gen",,,,FALSE,13,211,0,3400,14238,2017-03-25 22:48:07,FALSE,,,,,"","http://pbs.twimg.com/profile_images/952267239725531136/LK9jWbD-_normal.jpg"
"x845769291605585920","Missing_Gen","Missing Gen",,,,FALSE,13,211,0,3400,14238,2017-03-25 22:48:07,FALSE,,,,,"","http://pbs.twimg.com/profile_images/952267239725531136/LK9jWbD-_normal.jpg"
"x1224561687967088647","AhasanAhamedAb1","Ahasan Ahamed Abir","Bangladesh.","Hi, This is Ahasan Ahamed. I'm a specialist Graphic Designer with a gigantic Knowledge on Professional Design.","https://www.fiverr.com/ahasanahamed03",FALSE,130,1377,1,447,96,2020-02-04 05:14:45,FALSE,,,,"https://pbs.twimg.com/profile_banners/1224561687967088647/1595670054","","http://pbs.twimg.com/profile_images/1402679843389464576/wRSI-cNW_normal.jpg"
"x1174073905","MythicPride","ğŸ’€ LyÃ³nblÃ³Ã° ğŸ³ï¸â€ğŸŒˆ","Colorado Springs, CO","ğŸ” LVL43 GenderQueer (They/Them) |ğŸ³ï¸â€ğŸŒˆ|ğŸ‡¬ğŸ‡§| Chaotic Neutral Weird Dork | Swears a lot | Twitch Mod for @Shadoswulf & @hanna_carlton |","https://linktr.ee/HelpfulLyon",FALSE,51,91,0,7910,18054,2013-02-13 06:06:38,FALSE,,,,"https://pbs.twimg.com/profile_banners/1174073905/1625181876","http://abs.twimg.com/images/themes/theme1/bg.png","http://pbs.twimg.com/profile_images/1432026135005589505/iDPlHd-9_normal.jpg"
"x1174073905","MythicPride","ğŸ’€ LyÃ³nblÃ³Ã° ğŸ³ï¸â€ğŸŒˆ","Colorado Springs, CO","ğŸ” LVL43 GenderQueer (They/Them) |ğŸ³ï¸â€ğŸŒˆ|ğŸ‡¬ğŸ‡§| Chaotic Neutral Weird Dork | Swears a lot | Twitch Mod for @Shadoswulf & @hanna_carlton |","https://linktr.ee/HelpfulLyon",FALSE,51,91,0,7910,18054,2013-02-13 06:06:38,FALSE,,,,"https://pbs.twimg.com/profile_banners/1174073905/1625181876","http://abs.twimg.com/images/themes/theme1/bg.png","http://pbs.twimg.com/profile_images/1432026135005589505/iDPlHd-9_normal.jpg"
"x1228174152575549441","ultrapurwater","ultrapurwater","Milky Way Galaxy","Black Man Caribbean Born/American Bred not caring about your truth, experiences or whatever nonsense you learned in half a semester of college",,FALSE,39,32,1,13923,7,2020-02-14 04:29:08,FALSE,,,,"https://pbs.twimg.com/profile_banners/1228174152575549441/1608512429","","http://pbs.twimg.com/profile_images/1423090018046943236/mvbtwlS8_normal.jpg"
"x2891188368","jonlevir","Jonathan Respaldiza",,"Writer, Father, Gamer, Bundle of Contradictions

he/him",,FALSE,137,266,1,35906,133823,2014-11-05 22:53:03,FALSE,,,,,"http://abs.twimg.com/images/themes/theme1/bg.png","http://pbs.twimg.com/profile_images/1157142873130717185/QUUllXDa_normal.jpg"
"x2696070487","mikujess1312","Jessica ğŸ³ï¸â€âš§ï¸ that one blue reflection fangirl",,"The only person talking about blue reflection on your TLï½œCanadianï½œEN/FRï½œpolyï½œShe/Theyï½œ26ï½œHRT since 04/07/2019ï½œpriv on requestï½œ@AlliehopeV 's flesh humonculus",,FALSE,794,1155,0,82778,93759,2014-07-31 16:11:03,FALSE,,,,"https://pbs.twimg.com/profile_banners/2696070487/1630040573","http://abs.twimg.com/images/themes/theme1/bg.png","http://pbs.twimg.com/profile_images/1416263250262560769/8PQUjFkm_normal.jpg"
"x1353168350709493762","Acdra_Cos","â€¼ï¸ ACDRAMON â€¼ï¸",,"MAIN ACCOUNT FOR AVERY

Graphic Designer, Cosplayer, Voice Actor and Illustrator.

HE/HIM


Contact Info: acdramon@gmail.com","https://linktr.ee/acdramon",FALSE,580,779,2,11275,17233,2021-01-24 02:31:00,FALSE,,,,"https://pbs.twimg.com/profile_banners/1353168350709493762/1630469005","","http://pbs.twimg.com/profile_images/1417693619239129091/Mpm63Dsx_normal.jpg"
"x214224003","Malhidael","Malhidael ğŸŒ™","Earth","| She/He/They | ğŸ³ï¸â€ğŸŒˆ Queer/nbi | Co-Producer of https://t.co/VOhIJgrlws | Part time writer | Trans rights are human rights | https://t.co/daMhnWXruj |",,FALSE,851,450,25,73945,266042,2010-11-10 21:53:39,FALSE,,,,"https://pbs.twimg.com/profile_banners/214224003/1572584866","http://abs.twimg.com/images/themes/theme9/bg.gif","http://pbs.twimg.com/profile_images/1415171751235964934/m5tGBebI_normal.jpg"
"x191220617","Allie272","~AllieWolves~","Colorado Springs","Hey I'm Allie and I'm a Twitch streamer Affiliate I play so many games feel free to come  hangout together and play some games ğŸ˜ğŸ® ğŸ¤˜ğŸ»","https://www.twitch.tv/alliewolves",FALSE,2377,4942,13,12052,11041,2010-09-15 22:18:19,FALSE,,,,"https://pbs.twimg.com/profile_banners/191220617/1630005561","http://abs.twimg.com/images/themes/theme1/bg.png","http://pbs.twimg.com/profile_images/1428421849311027214/F9ZlhzSi_normal.jpg"
"x1192615292100390912","DeffKyoshi","DeffKyoshi â˜ï¸",,"ğŸ‡ºğŸ‡¸ğŸ‡¯ğŸ‡² | 18 | Beginner Graphic Designer | Staff/GFX for @GetWetSports | Twitch Content Creator |","https://twitch.tv/deffkyoshi",FALSE,291,96,2,12828,10663,2019-11-08 01:30:27,FALSE,,,,"https://pbs.twimg.com/profile_banners/1192615292100390912/1630520063","","http://pbs.twimg.com/profile_images/1431839284504444930/9rAJy3En_normal.jpg"
"x998375614569578496","LordZanas","Lord Zanas VT ğŸ”","Clusteria","Official twitter account of Lord of Spiders, Zanas! Follow me over at https://twitch.tv/LordZanas to catch me when I go live!

Art tag: #Zanillust","https://twitch.tv/LordZanas",FALSE,64,127,3,4137,1417,2018-05-21 01:31:10,FALSE,,,,,"","http://pbs.twimg.com/profile_images/1360580796273287172/R3MLIWbu_normal.jpg"
"x998375614569578496","LordZanas","Lord Zanas VT ğŸ”","Clusteria","Official twitter account of Lord of Spiders, Zanas! Follow me over at https://twitch.tv/LordZanas to catch me when I go live!

Art tag: #Zanillust","https://twitch.tv/LordZanas",FALSE,64,127,3,4137,1417,2018-05-21 01:31:10,FALSE,,,,,"","http://pbs.twimg.com/profile_images/1360580796273287172/R3MLIWbu_normal.jpg"
"x998375614569578496","LordZanas","Lord Zanas VT ğŸ”","Clusteria","Official twitter account of Lord of Spiders, Zanas! Follow me over at https://twitch.tv/LordZanas to catch me when I go live!

Art tag: #Zanillust","https://twitch.tv/LordZanas",FALSE,64,127,3,4137,1417,2018-05-21 01:31:10,FALSE,,,,,"","http://pbs.twimg.com/profile_images/1360580796273287172/R3MLIWbu_normal.jpg"
"x1137395998714662913","Streamcast_","Streamcast","London","Black British gaming platform providing content such as podcasts, live streams, blog posts & more | E-mail: info@thestreamcast.co.uk | #ADayOffTwitch | 23.09","https://linktr.ee/streamcast_",FALSE,692,555,5,16135,21824,2019-06-08 16:28:32,FALSE,,,,"https://pbs.twimg.com/profile_banners/1137395998714662913/1578782656","","http://pbs.twimg.com/profile_images/1216127627280338944/cZ9C_O4T_normal.jpg"
"x1256049602676940801","TitoNitroDrums","TitoNitrogen","New Mexico","I'm Sam, I'm a drummer from NM, I play for @Paintxpromises and Aaralyn.I'm also streaming on twitch! I'm just here to post memes and notify you of my streams!","http://twitch.tv/TitoNitrogen",FALSE,83,190,2,139,704,2020-05-01 02:35:52,FALSE,,,,"https://pbs.twimg.com/profile_banners/1256049602676940801/1588301113","","http://pbs.twimg.com/profile_images/1328255627274055681/958ZxRCu_normal.jpg"
"x925284535352418304","NAMCOnade","Princely Nam Lemonade",,"22 | âš ï¸18+ ONLYâš ï¸ | SFW | FR/ENG | CERVINE-POWERED TAIKO NO TATSUJIN MACHINE | THEY/THEM QUEERISM | NINTENDOGS + CATS SPEEDRUNER | ART: @NAM_Z0NE | #ADHDAUTISM","https://en.pronouns.page/@NAMCOnade",FALSE,466,637,9,94186,232891,2017-10-31 08:53:18,FALSE,,,,"https://pbs.twimg.com/profile_banners/925284535352418304/1628384215","http://abs.twimg.com/images/themes/theme1/bg.png","http://pbs.twimg.com/profile_images/1432769820479660033/epH-ETLA_normal.jpg"
"x614727152","DonnyHoferIRL","Donny","Clarksville, TN","I stream mostly Destiny but I do play other games as well.","https://linktr.ee/DonnyHoferIRL",FALSE,558,2268,19,19570,34340,2012-06-22 01:10:27,FALSE,,,,"https://pbs.twimg.com/profile_banners/614727152/1460314939","http://abs.twimg.com/images/themes/theme1/bg.png","http://pbs.twimg.com/profile_images/1427439840207966208/W3D9tRu7_normal.jpg"
"x1350809371131916288","MachineHidden","Hidden Machine",,"making videos about video games â€¢ new youtube videos all week â€¢ twitch streams every saturday night at 7pm est â€¢ hiddenmachinegaming@gmail.com","https://flow.page/hiddenmachinegaming",FALSE,32,239,0,267,1113,2021-01-17 14:17:34,FALSE,,,,"https://pbs.twimg.com/profile_banners/1350809371131916288/1610893347","","http://pbs.twimg.com/profile_images/1360333682154831876/PBqxVoGY_normal.jpg"
"x706471540913807360","AlexanderRrijo","Victor_Rijo",,"liberal Dominicano ğŸ‡©ğŸ‡´
pensador por mi cuenta ğŸ",,FALSE,9,85,0,122,730,2016-03-06 13:28:35,FALSE,,,,"https://pbs.twimg.com/profile_banners/706471540913807360/1543543840","http://abs.twimg.com/images/themes/theme1/bg.png","http://pbs.twimg.com/profile_images/1351958798349557764/ZUDGTkpL_normal.jpg"
"x1386769040014782471","ben_vsa","BenVSA",,"ğŸ”Currently playing through; NEO The World Ends With You - - - He/Him (Cis) Gay/Queer, Aspie, BPD, British small streamer. RPGs, Platformers and Rogulikes!","https://twitch.tv/benvsa",FALSE,64,91,2,1790,1418,2021-04-26 19:48:13,FALSE,,,,"https://pbs.twimg.com/profile_banners/1386769040014782471/1626459157","","http://pbs.twimg.com/profile_images/1425078861264531456/-24gt2fy_normal.jpg"
"x1386769040014782471","ben_vsa","BenVSA",,"ğŸ”Currently playing through; NEO The World Ends With You - - - He/Him (Cis) Gay/Queer, Aspie, BPD, British small streamer. RPGs, Platformers and Rogulikes!","https://twitch.tv/benvsa",FALSE,64,91,2,1790,1418,2021-04-26 19:48:13,FALSE,,,,"https://pbs.twimg.com/profile_banners/1386769040014782471/1626459157","","http://pbs.twimg.com/profile_images/1425078861264531456/-24gt2fy_normal.jpg"
"x1236748925060644869","kedapalooza","ğŸ—£KEEEDAAAâš”ï¸ #Death2Divinity","Camp Kedapalooza âœ¨","ğŸ’–ğŸ’œğŸ’™ Black, Bi & Ready to Cry â„¢ï¸â€¢ she/her â€¢ @Twitch Affiliate â€¢ @emporiumtwitch â€¢ âš”ï¸ @Death2Divinity_ Cast Member ğŸ’Œheykeda@kedapalooza.com","http://twitch.tv/kedapalooza",FALSE,2126,865,19,7988,37486,2020-03-08 20:21:50,FALSE,,,,"https://pbs.twimg.com/profile_banners/1236748925060644869/1625327229","","http://pbs.twimg.com/profile_images/1422088156736798724/rYLuZxuF_normal.jpg"
"x17048651","patbaer","Pat Baer","NYC","Live from the Baer Caev! Twitch Streamer. Comedy person. Underrated Demisexual. 
My DMs are open, my email is my name at gmail.
He/Him
Wishlist: https://t.co/o8vuLlsmHK","http://twitch.tv/patbaer",FALSE,6901,1069,121,66562,150696,2008-10-29 19:16:54,TRUE,,,,"https://pbs.twimg.com/profile_banners/17048651/1496362165","http://abs.twimg.com/images/themes/theme9/bg.gif","http://pbs.twimg.com/profile_images/1116734727719936000/6zBYe8WB_normal.png"
"x2292242634","pixiegiftfshns","Gina/Pixiegift Fashions","They/She/It pronouns","Geek fashion designer ğŸ‘— Q/NB/POC â™ ï¸ğŸŒˆğŸ–¤ğŸ¤ğŸ’œğŸ’›ğŸ‡µğŸ‡­ Married&Monogamous ğŸ’ GMAIL: pixiegiftfashions ğŸ’Œ","https://linktr.ee/pixiegiftfashions",FALSE,227,626,22,8981,11179,2014-01-15 06:13:54,FALSE,,,,"https://pbs.twimg.com/profile_banners/2292242634/1438371336","http://abs.twimg.com/images/themes/theme11/bg.gif","http://pbs.twimg.com/profile_images/977260039172849669/2Dkrn1pu_normal.jpg"
"x1183955426230112257","poipoipopii_","yeah",,"she/her",,FALSE,17,47,0,529,5116,2019-10-15 03:59:14,FALSE,,,,"https://pbs.twimg.com/profile_banners/1183955426230112257/1618839417","","http://pbs.twimg.com/profile_images/1395220036822867970/BgEx44vi_normal.jpg"
"x1015693025509593089","NextLVLNick","NextLVLNick","Uncharted Area","I'm a degenerate that likes to cook and play Tetris and gacha games. I stream sometimes, too... :)","https://discord.gg/8BrCneM",FALSE,699,1806,4,12822,46966,2018-07-07 20:24:22,FALSE,,,,"https://pbs.twimg.com/profile_banners/1015693025509593089/1627513707","http://abs.twimg.com/images/themes/theme1/bg.png","http://pbs.twimg.com/profile_images/1412180595480875015/l1MOYUkp_normal.jpg"
"x1198678527505313792","EXCEL_ODDS","EXCEL FIXED MATCHES","Central African Republic","We deal on ğŸ’¯ Fixed Correct Score games. Contact us for any betting business. ğŸ“ or WhatsApp +2348165400910 ğŸ“§ SureFixed084@gmail.com","http://Bet365.com",FALSE,2094,4995,2,4424,24900,2019-11-24 19:04:00,FALSE,,,,"https://pbs.twimg.com/profile_banners/1198678527505313792/1605510597","","http://pbs.twimg.com/profile_images/1327393034749796352/bKH-AvFb_normal.jpg"
"x1198678527505313792","EXCEL_ODDS","EXCEL FIXED MATCHES","Central African Republic","We deal on ğŸ’¯ Fixed Correct Score games. Contact us for any betting business. ğŸ“ or WhatsApp +2348165400910 ğŸ“§ SureFixed084@gmail.com","http://Bet365.com",FALSE,2094,4995,2,4424,24900,2019-11-24 19:04:00,FALSE,,,,"https://pbs.twimg.com/profile_banners/1198678527505313792/1605510597","","http://pbs.twimg.com/profile_images/1327393034749796352/bKH-AvFb_normal.jpg"
"x1198678527505313792","EXCEL_ODDS","EXCEL FIXED MATCHES","Central African Republic","We deal on ğŸ’¯ Fixed Correct Score games. Contact us for any betting business. ğŸ“ or WhatsApp +2348165400910 ğŸ“§ SureFixed084@gmail.com","http://Bet365.com",FALSE,2094,4995,2,4424,24900,2019-11-24 19:04:00,FALSE,,,,"https://pbs.twimg.com/profile_banners/1198678527505313792/1605510597","","http://pbs.twimg.com/profile_images/1327393034749796352/bKH-AvFb_normal.jpg"
"x1198678527505313792","EXCEL_ODDS","EXCEL FIXED MATCHES","Central African Republic","We deal on ğŸ’¯ Fixed Correct Score games. Contact us for any betting business. ğŸ“ or WhatsApp +2348165400910 ğŸ“§ SureFixed084@gmail.com","http://Bet365.com",FALSE,2094,4995,2,4424,24900,2019-11-24 19:04:00,FALSE,,,,"https://pbs.twimg.com/profile_banners/1198678527505313792/1605510597","","http://pbs.twimg.com/profile_images/1327393034749796352/bKH-AvFb_normal.jpg"
"x186222898","MistahShowtime","Bryan","Arkansas","I was in the Army National Guard for 9 years and served 2 tours in Iraq.  I love wrestling and video games.  Also a big fan of EasyAllies!",,FALSE,113,264,10,8530,12815,2010-09-02 22:04:14,FALSE,,,,,"http://abs.twimg.com/images/themes/theme1/bg.png","http://pbs.twimg.com/profile_images/464159520202051585/HC7rtIJP_normal.jpeg"
"x1245226502867701760","winstoniantv","Winstonian",,"Itâ€™s Loveline with all of the Adam Carrolla and none of the Dr. Drew.","http://www.twitch.tv/winstonian",FALSE,114,238,2,829,1155,2020-04-01 05:48:40,FALSE,,,,"https://pbs.twimg.com/profile_banners/1245226502867701760/1603309165","","http://pbs.twimg.com/profile_images/1319000355192016896/eeTH9Xkf_normal.jpg"
"x556277038","gatsu083","charles hartford vas Bebop",,"Just trying to leave the world a little brighter than I found it. contributor: @butwhythopc reviews profile pic and banner by @britkcaley",,FALSE,291,182,0,76350,245146,2012-04-17 20:54:19,FALSE,,,,"https://pbs.twimg.com/profile_banners/556277038/1586958755","http://abs.twimg.com/images/themes/theme1/bg.png","http://pbs.twimg.com/profile_images/1132438859445411841/N1tSx3mQ_normal.jpg"
"x2755285569","SasiahHochle","Sasiah ğŸ’™","Texas, USA","Focused on fostering positive UI / UX experiences | President / CEO of @1UpOnCancer | Staff of the Deaf & HoH Gamers (DHHG) Stream Team | Graduate student","http://twitch.tv/sasiah",FALSE,798,716,35,31760,46080,2014-08-30 01:08:56,FALSE,,,,"https://pbs.twimg.com/profile_banners/2755285569/1411716069","http://abs.twimg.com/images/themes/theme1/bg.png","http://pbs.twimg.com/profile_images/690375227918925824/Rx2yT0UJ_normal.jpg"
"x1412530230707822594","Alejoret2","Xander_",,"NIVEL 14 ğŸ‡²ğŸ‡½ğŸ£
Can/Mex ğŸ‡²ğŸ‡½",,FALSE,2,78,0,16,38,2021-07-06 21:53:56,FALSE,,,,"https://pbs.twimg.com/profile_banners/1412530230707822594/1630604634","","http://pbs.twimg.com/profile_images/1433237814322286592/Hoo9ld7x_normal.jpg"
"x755049938862612480","JaironKalach","JaironKalach",,"He/him",,FALSE,112,254,6,2524,13912,2016-07-18 14:41:48,FALSE,,,,"https://pbs.twimg.com/profile_banners/755049938862612480/1468855036","","http://pbs.twimg.com/profile_images/755059041466998784/8Y_a0qbJ_normal.jpg"
"x200798504","Vault319","ğŸŒ½ Vault319 ğŸŒ½",,"He/They? I honestly don't know anymore. Midwestern left-libertarian. FFXIV-player.

Ujin Qalli on Adamantoise & Ultros

Aermwyb Grymgaezwyn on Lamia",,FALSE,55,466,5,5122,23032,2010-10-10 08:41:52,FALSE,,,,"https://pbs.twimg.com/profile_banners/200798504/1626104659","http://abs.twimg.com/images/themes/theme9/bg.gif","http://pbs.twimg.com/profile_images/1414611585260261376/RZSsRM0-_normal.jpg"
"x144320592","Erivlt","Eri Corazon de H. Kojima ğŸ’œ anime commissions","Cholula, San Pedro Cholula","Pronouns:We/Us She/Her They/Them, apÃ³yame en http://www.ko-fi.com/erivlt podcast: memorias desde el ClÃ³set. correo: ERIVLT.contacto@gmail.com","https://erivlt.carrd.co",FALSE,2341,1015,36,60124,61128,2010-05-15 23:51:11,FALSE,,,,"https://pbs.twimg.com/profile_banners/144320592/1614483529","http://abs.twimg.com/images/themes/theme9/bg.gif","http://pbs.twimg.com/profile_images/1405286883014307843/-xLEEonV_normal.jpg"
"x17735424","dantelfer","Dan Telfer","Los Angeles, CA","Stand-up Comic / Writer / @NerdPokerPod Dungeon Master / Cancer Slayer / Former Senior Editor at @MADMagazine / Narrative Lead for @CortexRPG / he/him","https://linktr.ee/dantelfer",FALSE,22219,656,496,66001,101378,2008-11-29 15:04:37,TRUE,,,,"https://pbs.twimg.com/profile_banners/17735424/1493880729","http://abs.twimg.com/images/themes/theme10/bg.gif","http://pbs.twimg.com/profile_images/1266443314523369472/JwFlzuVw_normal.jpg"
"x1376637745414692865","KaritaMhia","Karita_Mhia",,"FFXIV & Variety Gamer / She/Her (MtF Transwoman) / USAF Veteran / Second Life Tattoo Blogger / Twitch Affiliate / https://www.twitch.tv/karita_mhia",,FALSE,44,137,1,585,1196,2021-03-29 20:50:13,FALSE,,,,"https://pbs.twimg.com/profile_banners/1376637745414692865/1624486604","","http://pbs.twimg.com/profile_images/1423442768005943298/MOQgUoBp_normal.jpg"
"x843989022066311171","DemarkiusDavis","De(n)mark","Pantego, TX","Occasionally an artist and a writer. Extremely introverted, but really sweet.",,FALSE,347,564,4,42539,140731,2017-03-21 00:53:58,FALSE,,,,,"http://abs.twimg.com/images/themes/theme1/bg.png","http://pbs.twimg.com/profile_images/1356842473562271747/xoetzbAz_normal.jpg"
"x843989022066311171","DemarkiusDavis","De(n)mark","Pantego, TX","Occasionally an artist and a writer. Extremely introverted, but really sweet.",,FALSE,347,564,4,42539,140731,2017-03-21 00:53:58,FALSE,,,,,"http://abs.twimg.com/images/themes/theme1/bg.png","http://pbs.twimg.com/profile_images/1356842473562271747/xoetzbAz_normal.jpg"
"x843989022066311171","DemarkiusDavis","De(n)mark","Pantego, TX","Occasionally an artist and a writer. Extremely introverted, but really sweet.",,FALSE,347,564,4,42539,140731,2017-03-21 00:53:58,FALSE,,,,,"http://abs.twimg.com/images/themes/theme1/bg.png","http://pbs.twimg.com/profile_images/1356842473562271747/xoetzbAz_normal.jpg"
"x843989022066311171","DemarkiusDavis","De(n)mark","Pantego, TX","Occasionally an artist and a writer. Extremely introverted, but really sweet.",,FALSE,347,564,4,42539,140731,2017-03-21 00:53:58,FALSE,,,,,"http://abs.twimg.com/images/themes/theme1/bg.png","http://pbs.twimg.com/profile_images/1356842473562271747/xoetzbAz_normal.jpg"
"x615874602","cobaltbear","anthony ğŸŒˆğŸ³ï¸â€ğŸŒˆ","Oregon, USA","tiny/anthony. dumb stoner furry & fat hawaiian shirt gay. (ğŸ³ï¸â€ğŸŒˆğŸ’• @ayyylamayo666) (he/him) (pfp @moxbirds)",,FALSE,387,965,6,55659,25674,2012-06-23 04:20:27,FALSE,,,,"https://pbs.twimg.com/profile_banners/615874602/1608060953","http://abs.twimg.com/images/themes/theme4/bg.gif","http://pbs.twimg.com/profile_images/1404077290321965060/4h-3LBt1_normal.png"
"x1290896876208676864","demoneesan","âšœï¸ red mage rat ğŸ’œ","icon & header credits in carrd","vanilla morningstar @ gilga. @Spike_XIV's queen ğŸ’œ ğŸ’œ alphinaud liker. âš ï¸xiv spoilersâš ï¸ proship yumejoshi ğŸ” æ—¥æœ¬èªå°‘ã—ãŠkâ€ƒâ€ƒâ€ƒâ€ƒâ€ƒâ€ƒâ€ƒâ€ƒâ€ƒâ€ƒâ€ƒâ€ƒâ€ƒâ€ƒâ€ƒâ€ƒã€ãƒãƒ‹ãƒ©ãƒ»25â†‘ãƒ»she/herã€‘","http://necroneesan.carrd.co",FALSE,82,467,5,16571,4014,2020-08-05 06:26:24,FALSE,,,,"https://pbs.twimg.com/profile_banners/1290896876208676864/1617995509","","http://pbs.twimg.com/profile_images/1401624053958340611/ZdBWat9f_normal.jpg"
"x1290896876208676864","demoneesan","âšœï¸ red mage rat ğŸ’œ","icon & header credits in carrd","vanilla morningstar @ gilga. @Spike_XIV's queen ğŸ’œ ğŸ’œ alphinaud liker. âš ï¸xiv spoilersâš ï¸ proship yumejoshi ğŸ” æ—¥æœ¬èªå°‘ã—ãŠkâ€ƒâ€ƒâ€ƒâ€ƒâ€ƒâ€ƒâ€ƒâ€ƒâ€ƒâ€ƒâ€ƒâ€ƒâ€ƒâ€ƒâ€ƒâ€ƒã€ãƒãƒ‹ãƒ©ãƒ»25â†‘ãƒ»she/herã€‘","http://necroneesan.carrd.co",FALSE,82,467,5,16571,4014,2020-08-05 06:26:24,FALSE,,,,"https://pbs.twimg.com/profile_banners/1290896876208676864/1617995509","","http://pbs.twimg.com/profile_images/1401624053958340611/ZdBWat9f_normal.jpg"
"x311511137","SuggaBearsClub","SuggaBugg","Chicago","Grind very hard at everything I put mind too do. Brand Name: #SuggaBears, Twitch & Youtube, @LabRatLife, @BallLikeHer, @TeamAGF @P3GamingOrg #HHC
Non-Toxic","https://www.twitch.tv/suggabugg",FALSE,232,553,2,2394,2924,2011-06-05 15:42:53,FALSE,,,,"https://pbs.twimg.com/profile_banners/311511137/1623137294","http://abs.twimg.com/images/themes/theme1/bg.png","http://pbs.twimg.com/profile_images/1402166461825798145/LQtwtypY_normal.jpg"
"x106614991","wingedlioness","Bunny","Boston","Lioness, winged. She, her.","https://wingedlioness.home.blog",FALSE,608,583,57,78890,56860,2010-01-20 03:31:27,FALSE,,,,"https://pbs.twimg.com/profile_banners/106614991/1615602659","http://abs.twimg.com/images/themes/theme1/bg.png","http://pbs.twimg.com/profile_images/834575574022565888/8GO25eYJ_normal.jpg"
"x1287261643873771521","MillXIII","MCÂ²",,"20;
some people bake cakes, I bake myself ğŸ¥´",,FALSE,2,13,0,42,3066,2020-07-26 05:41:32,FALSE,,,,"https://pbs.twimg.com/profile_banners/1287261643873771521/1624526272","","http://pbs.twimg.com/profile_images/1407991352902619136/yurWfqrS_normal.jpg"
"x1429675933355569154","AhmedAr09782150","Ahmed Arif",,,,FALSE,0,0,0,2,0,2021-08-23 05:25:03,FALSE,,,,,"","http://pbs.twimg.com/profile_images/1429678019803717635/zPDDCx9I_normal.jpg"
"x1321018344103960576","Mohamma58736803","Mohammad",,"je suis musulman",,FALSE,104,879,0,11810,2429,2020-10-27 09:18:25,FALSE,,,,,"","http://pbs.twimg.com/profile_images/1321339601546563586/loWMuyfk_normal.jpg"
"x189762228","AzeraW84","AzeraPlays âœŠğŸ¼âœŠğŸ½âœŠğŸ¾âœŠğŸ¿","Pennsylvania, USA","I am back stream baby!!! https://www.twitch.tv/azeraplays
@Twitch Affiliate ğŸ˜˜ | Variety Streamer ğŸ˜‰ | Girl who likes games ğŸ® She/Her/They","http://www.twitch.tv/azera1984",FALSE,942,1289,25,27455,24397,2010-09-12 04:22:56,FALSE,,,,"https://pbs.twimg.com/profile_banners/189762228/1622518297","http://abs.twimg.com/images/themes/theme9/bg.gif","http://pbs.twimg.com/profile_images/1399569295894630404/rBG-QKAO_normal.jpg"
"x2952485912","TomCruiseCanWin","TomCruiseCantLose",,"I enjoy Tom Cruise and playing games sometimes
https://www.twitch.tv/tomcruisecantlose",,FALSE,45,471,1,865,9340,2014-12-30 18:27:20,FALSE,,,,"https://pbs.twimg.com/profile_banners/2952485912/1604632369","http://abs.twimg.com/images/themes/theme1/bg.png","http://pbs.twimg.com/profile_images/1254932451010514944/xb9ROGln_normal.jpg"
"x956318623169163265","HannishDancer","French DuskieğŸŒ¹ Myrtil le Pourpre","Ishgard","FFXIV//
Baldur's Gate 3//
Gujian Qitan OL/ CangWeiYi//
D&D 5e and TTPRG/DM//
â‡ï¸ she/theyâ‡ï¸",,FALSE,216,600,0,11568,59984,2018-01-25 00:11:42,FALSE,,,,"https://pbs.twimg.com/profile_banners/956318623169163265/1628888209","http://abs.twimg.com/images/themes/theme1/bg.png","http://pbs.twimg.com/profile_images/1426331131042017280/dY5g9-Nc_normal.jpg"
"x1405241168938602496","dawah74","Ø¯Ø¹ÙˆÙ‡",,,,FALSE,0,2,0,168,0,2021-06-16 19:10:11,FALSE,,,,"https://pbs.twimg.com/profile_banners/1405241168938602496/1623871547","","http://pbs.twimg.com/profile_images/1405242525347053568/pllsM4zf_normal.jpg"
"x2926393355","tempestteacup_","t e m p y","the abyss","Twitch partner w/ @HorizonUnion // @SMITEgame Olympian // she/her lesbian // ğŸ™ğŸŒˆğŸ‘­ğŸ‡¯ğŸ‡µğŸŒ… biz: tempestinateacupttv@gmail.com","http://twitch.tv/tempestinateacup",FALSE,2407,409,13,24760,32501,2014-12-17 05:02:14,FALSE,,,,"https://pbs.twimg.com/profile_banners/2926393355/1511998494","http://abs.twimg.com/images/themes/theme1/bg.png","http://pbs.twimg.com/profile_images/1348437044528377856/XKQ1aWh5_normal.jpg"
"x1108274678290935808","emilyyabii","â˜… ğŸ€ ğ¸ğ“‚ğ’¾ğ“ğ“ ğ’œğ’·ğ’¾ ğŸ€ â˜…",,"@Twitch Affiliate | Co-Host of â€œThe Ghosted Podcastâ€ & ""Sassy VS Classy""","http://twitch.tv/emilyyabii",FALSE,56,198,0,2613,10769,2019-03-20 07:50:48,FALSE,,,,"https://pbs.twimg.com/profile_banners/1108274678290935808/1578786365","","http://pbs.twimg.com/profile_images/1262414628417687553/z8BO1Lsq_normal.jpg"
"x1318230910370709504","toxomyuu","Myuu | ENVTuber",,"Living Computer Virus | Neurodivergent | 18+ (Not lewd, just curse a lot) | VChewba | #Myuurals | Dad: @HJKRE3 | PFP: @namae_art","https://www.twitch.tv/t0x0myuu",FALSE,1005,628,60,11127,19929,2020-10-19 16:42:11,FALSE,,,,"https://pbs.twimg.com/profile_banners/1318230910370709504/1622760357","","http://pbs.twimg.com/profile_images/1400386384888832001/wKAX-bot_normal.jpg"
"x852690998492876800","Midnight982","Midnight98","idk","aaaaaaaa",,FALSE,129,604,0,5094,12927,2017-04-14 01:12:31,FALSE,,,,"https://pbs.twimg.com/profile_banners/852690998492876800/1532129931","http://abs.twimg.com/images/themes/theme1/bg.png","http://pbs.twimg.com/profile_images/1399749753899044865/BjiaVQ53_normal.jpg"
"x599693847","lnc0","ğŸ”âŒğŸ” A Living WIS Saving Roll","Nottingham, England","ğŸ”âŒğŸ” | 29 (They/Them/Ã¾ey/Ã¾em) NothingGender/Pan/Neurodiverse/Plural/Dependant | Currently writing #BeastiaryBeas | Colchester born","https://www.patreon.com/lnc0",FALSE,849,4343,9,54997,148613,2012-06-04 22:24:04,FALSE,,,,"https://pbs.twimg.com/profile_banners/599693847/1630600775","http://abs.twimg.com/images/themes/theme1/bg.png","http://pbs.twimg.com/profile_images/1381202210684608512/P4-xK3iH_normal.jpg"
"x1352237272100442113","YoP1erre","PierreğŸ¦¹ğŸ¿â€â™‚ï¸","ğ”—ğ”¥ğ”¢ ğ”ğ”ğ”Ÿ","F/A | Content Creator | 17 | twitch affiliate ||Grinding  || The villain ğŸ¦¹ğŸ¿â€â™‚ï¸","https://beacons.page/jasonp1erre",FALSE,116,194,0,1053,1235,2021-01-21 12:51:15,FALSE,,,,"https://pbs.twimg.com/profile_banners/1352237272100442113/1629057578","","http://pbs.twimg.com/profile_images/1426052116897017856/tVog8Eo0_normal.jpg"
"x1050917110438916101","LalxXrtega","Ka",,"MDB",,FALSE,21,112,0,8150,11540,2018-10-13 01:12:18,FALSE,,,,"https://pbs.twimg.com/profile_banners/1050917110438916101/1629484565","","http://pbs.twimg.com/profile_images/1433235465419829250/TXWUL6OB_normal.jpg"
"x1308043704922497024","TinyButa","LilButa","UK","Neurodiverse Variety Gaming Twitch Streamer | Stream schedule: Mondays & Fridays from 8pm BST & bonus pop up streams | She/Her/They | Member of @AusomeWarriors","https://linktr.ee/LilButa",FALSE,70,112,1,1223,1697,2020-09-21 14:01:53,FALSE,,,,"https://pbs.twimg.com/profile_banners/1308043704922497024/1617898399","","http://pbs.twimg.com/profile_images/1308080993987948544/OdpyRFJR_normal.png"
"x1308043704922497024","TinyButa","LilButa","UK","Neurodiverse Variety Gaming Twitch Streamer | Stream schedule: Mondays & Fridays from 8pm BST & bonus pop up streams | She/Her/They | Member of @AusomeWarriors","https://linktr.ee/LilButa",FALSE,70,112,1,1223,1697,2020-09-21 14:01:53,FALSE,,,,"https://pbs.twimg.com/profile_banners/1308043704922497024/1617898399","","http://pbs.twimg.com/profile_images/1308080993987948544/OdpyRFJR_normal.png"
"x1296874644386045957","iromalesi","lady dimitrescu's chair","Minneapolis, MN","resident rep. of Beach CityğŸŒˆâ­
                                     ğŸ’›22ğŸ¤two-spiritğŸ’œApache/ComancheğŸ–¤                         âœ¨spokesperson 4 BIPOC supremacyâœ¨","http://twitch.com/iselamori",FALSE,648,599,15,13384,29749,2020-08-21 18:19:53,FALSE,,,,"https://pbs.twimg.com/profile_banners/1296874644386045957/1624294693","","http://pbs.twimg.com/profile_images/1407526848649732100/IiTFqofk_normal.jpg"
"x3130059113","ilaia1900","Ilaia","Barcelona, EspaÃ±a","Â¿AraÃ±as? Â¿Por quÃ© no podemos perseguir mariposas? 
âŸá±¬ÏŸâœªà¥ª  â’¶vengers â’¶ssemble",,FALSE,239,256,13,55363,123630,2015-03-30 22:26:10,FALSE,,,,"https://pbs.twimg.com/profile_banners/3130059113/1630190087","http://abs.twimg.com/images/themes/theme1/bg.png","http://pbs.twimg.com/profile_images/1431747114833485830/BbMmLlEf_normal.jpg"
"x18304158","paperstainedink","Lily Calder â™¿ï¸ğŸ³ï¸â€ğŸŒˆ","UK | she/her or they/them","queer disabled writer/streamer | @TeamTranstopia @TeamBreadbox | #DisabledStreamerDatabase creator | links: https://linktr.ee/LilyCalder calder.lily@hotmail.com","https://www.twitch.tv/paperstainedink",FALSE,3224,1050,78,92988,3115,2008-12-22 09:18:50,FALSE,,,,"https://pbs.twimg.com/profile_banners/18304158/1589254693","http://abs.twimg.com/images/themes/theme1/bg.png","http://pbs.twimg.com/profile_images/1067839383980703745/oN6UxxVV_normal.jpg"
"x598214496","reineregnante","joyce-oâ€™-lantern ğŸƒ","â˜€ï¸ğŸŒ™","she/they | 23 | fat queer disabled chinese writer, moderator, and content creator ig",,FALSE,480,705,8,60025,15114,2012-06-03 07:59:49,FALSE,,,,"https://pbs.twimg.com/profile_banners/598214496/1622882743","http://abs.twimg.com/images/themes/theme11/bg.gif","http://pbs.twimg.com/profile_images/1422019755104292871/Z91x1rjY_normal.jpg"
"x1290615043055407104","JerichoBearicho","Jer ğŸ»","Ireland","â€¢ Jericho | Jeri â€¢ Them/They  â€¢ Agender â€¢ Artist & Photographer â€¢ Streamer â€¢ @RageClubTwitch Team Member â€¢ ğŸ“§ jerirose.twitch@gmail.com","https://linktr.ee/JeriRose",FALSE,462,216,8,2852,10093,2020-08-04 11:46:28,FALSE,,,,"https://pbs.twimg.com/profile_banners/1290615043055407104/1626874174","","http://pbs.twimg.com/profile_images/1427781665036906499/NTBU8eQN_normal.jpg"
"x1369961089484656644","AerynxElven","Aeryn â™¡","In your hearts","ãˆã‚Šã‚“ ğŸ’˜ | Your dark elf princess ê•¥ | ~ https://twitch.tv/aerynxelven ( â¸â€¢á´—â€¢â¸)â™¡ Ëšâ‚ŠÂ· ÍŸÍŸÍÍâ³â¥ Queen: @maiulive ğŸ–¤ ~ King: @otozuki_teru ğŸ‘‘","https://aerynxelven.carrd.co/",FALSE,617,444,12,969,6102,2021-03-11 10:39:20,FALSE,,,,"https://pbs.twimg.com/profile_banners/1369961089484656644/1627770455","","http://pbs.twimg.com/profile_images/1417934713512148995/hmz0Pazb_normal.jpg"
"x1367194872881569792","BryFluff","BryFluff",,"23 | Bi ğŸ³ï¸â€ğŸŒˆ | Male | He, They/Them | don't mind me",,FALSE,103,346,0,2524,37039,2021-03-03 19:27:33,FALSE,,,,,"","http://pbs.twimg.com/profile_images/1375583411272880129/L4PaGC1K_normal.jpg"
"x1267872740050120704","maskedphant0m","ğŸ’€phoenixğŸ’€","27 he|them","im a supporter of milfs, dilfs, and satan ğŸ³ï¸â€âš§ï¸  bjd hobbiest",,FALSE,41,321,0,5517,4493,2020-06-02 17:36:42,FALSE,,,,"https://pbs.twimg.com/profile_banners/1267872740050120704/1621827198","","http://pbs.twimg.com/profile_images/1418415323439640578/Ebz5t7O3_normal.jpg"
"x360554097","nasseralruwaili","ØµÙŠÙ’Ø¯Ù Ø§Ù„ÙÙˆÙØ§Ø¦Ø¯",,"â€â€â€â€â€â€â€Ø¹Ù„ÙŠÙƒÙ… Ø¨Ø§Ù„Ø³Ù†Ø© ÙˆØ§Ù„Ø­Ø¯ÙŠØ« ÙˆÙ…Ø§ ÙŠÙ†ÙØ¹ÙƒÙ…ØŒ ÙˆØ¥ÙŠØ§ÙƒÙ… ÙˆØ§Ù„Ø®ÙˆØ¶ ÙˆØ§Ù„Ù…Ø±Ø§Ø¡ ÙØ¥Ù†Ù‡ Ù„Ø§ ÙŠÙÙ„Ø­ Ù…Ù† Ø£Ø­Ø¨ Ø§Ù„ÙƒÙ„Ø§Ù… || Ø­Ø¯ÙŠØ«ÙŠ ÙÙŠ Ø§Ù„Ù…ÙÙØ¶Ù‘ÙÙ„Ø© ğŸŒ±ğŸŒ§ï¸ || Ø¨ÙØ¹Ù’Ø¯Ø§Ù‹ Ù„Ùƒ! Ø£Ù„ØºÙŠØ± Ø§Ù„Ù„Ù‡ ÙƒÙ†Øª ØªØ¹Ù…Ù„!",,FALSE,3361,527,5,102911,2663,2011-08-23 11:50:55,FALSE,,,,"https://pbs.twimg.com/profile_banners/360554097/1356247655","http://abs.twimg.com/images/themes/theme1/bg.png","http://pbs.twimg.com/profile_images/1339614229545050112/YBuA1vug_normal.jpg"
"x360554097","nasseralruwaili","ØµÙŠÙ’Ø¯Ù Ø§Ù„ÙÙˆÙØ§Ø¦Ø¯",,"â€â€â€â€â€â€â€Ø¹Ù„ÙŠÙƒÙ… Ø¨Ø§Ù„Ø³Ù†Ø© ÙˆØ§Ù„Ø­Ø¯ÙŠØ« ÙˆÙ…Ø§ ÙŠÙ†ÙØ¹ÙƒÙ…ØŒ ÙˆØ¥ÙŠØ§ÙƒÙ… ÙˆØ§Ù„Ø®ÙˆØ¶ ÙˆØ§Ù„Ù…Ø±Ø§Ø¡ ÙØ¥Ù†Ù‡ Ù„Ø§ ÙŠÙÙ„Ø­ Ù…Ù† Ø£Ø­Ø¨ Ø§Ù„ÙƒÙ„Ø§Ù… || Ø­Ø¯ÙŠØ«ÙŠ ÙÙŠ Ø§Ù„Ù…ÙÙØ¶Ù‘ÙÙ„Ø© ğŸŒ±ğŸŒ§ï¸ || Ø¨ÙØ¹Ù’Ø¯Ø§Ù‹ Ù„Ùƒ! Ø£Ù„ØºÙŠØ± Ø§Ù„Ù„Ù‡ ÙƒÙ†Øª ØªØ¹Ù…Ù„!",,FALSE,3361,527,5,102911,2663,2011-08-23 11:50:55,FALSE,,,,"https://pbs.twimg.com/profile_banners/360554097/1356247655","http://abs.twimg.com/images/themes/theme1/bg.png","http://pbs.twimg.com/profile_images/1339614229545050112/YBuA1vug_normal.jpg"
"x360554097","nasseralruwaili","ØµÙŠÙ’Ø¯Ù Ø§Ù„ÙÙˆÙØ§Ø¦Ø¯",,"â€â€â€â€â€â€â€Ø¹Ù„ÙŠÙƒÙ… Ø¨Ø§Ù„Ø³Ù†Ø© ÙˆØ§Ù„Ø­Ø¯ÙŠØ« ÙˆÙ…Ø§ ÙŠÙ†ÙØ¹ÙƒÙ…ØŒ ÙˆØ¥ÙŠØ§ÙƒÙ… ÙˆØ§Ù„Ø®ÙˆØ¶ ÙˆØ§Ù„Ù…Ø±Ø§Ø¡ ÙØ¥Ù†Ù‡ Ù„Ø§ ÙŠÙÙ„Ø­ Ù…Ù† Ø£Ø­Ø¨ Ø§Ù„ÙƒÙ„Ø§Ù… || Ø­Ø¯ÙŠØ«ÙŠ ÙÙŠ Ø§Ù„Ù…ÙÙØ¶Ù‘ÙÙ„Ø© ğŸŒ±ğŸŒ§ï¸ || Ø¨ÙØ¹Ù’Ø¯Ø§Ù‹ Ù„Ùƒ! Ø£Ù„ØºÙŠØ± Ø§Ù„Ù„Ù‡ ÙƒÙ†Øª ØªØ¹Ù…Ù„!",,FALSE,3361,527,5,102911,2663,2011-08-23 11:50:55,FALSE,,,,"https://pbs.twimg.com/profile_banners/360554097/1356247655","http://abs.twimg.com/images/themes/theme1/bg.png","http://pbs.twimg.com/profile_images/1339614229545050112/YBuA1vug_normal.jpg"
"x987942377460551682","a_lkhayr","Ø¯Ø¹Ø§Ø© Ø§Ù„Ø®ÙŠØ± (Ø¯Ø®ÙˆÙ„ Ù…ØªÙ‚Ø·Ø¹).",,"â€â€â€â€â€â€â€â€Ø¯Ø¹Ø§Ø© Ø§Ù„Ø®ÙŠØ±... ÙÙ„Ø§Ø­ ÙˆØ®ÙŠØ±.
ï¸
ï¸ ï¸ ï¸ï¸ ï¸ ï¸ ï¸ ï¸ï¸
ï¸ 
ï¸ ï¸ ï¸ï¸ ï¸ ï¸ ï¸ ï¸ ï¸ ï¸ ï¸ ï¸ ï¸ ï¸ ï¸                                      Ø§Ù„Ø°ÙŠ ÙŠØ¯ÙŠØ± Ø§Ù„Ø­Ø³Ø§Ø¨ Ø±ÙØ¬ÙÙ„Ù’.",,FALSE,4444,3016,0,131315,648,2018-04-22 06:33:12,FALSE,,,,"https://pbs.twimg.com/profile_banners/987942377460551682/1629505527","","http://pbs.twimg.com/profile_images/1419418660221997064/_Ckw4ESO_normal.jpg"
"x987942377460551682","a_lkhayr","Ø¯Ø¹Ø§Ø© Ø§Ù„Ø®ÙŠØ± (Ø¯Ø®ÙˆÙ„ Ù…ØªÙ‚Ø·Ø¹).",,"â€â€â€â€â€â€â€â€Ø¯Ø¹Ø§Ø© Ø§Ù„Ø®ÙŠØ±... ÙÙ„Ø§Ø­ ÙˆØ®ÙŠØ±.
ï¸
ï¸ ï¸ ï¸ï¸ ï¸ ï¸ ï¸ ï¸ï¸
ï¸ 
ï¸ ï¸ ï¸ï¸ ï¸ ï¸ ï¸ ï¸ ï¸ ï¸ ï¸ ï¸ ï¸ ï¸ ï¸                                      Ø§Ù„Ø°ÙŠ ÙŠØ¯ÙŠØ± Ø§Ù„Ø­Ø³Ø§Ø¨ Ø±ÙØ¬ÙÙ„Ù’.",,FALSE,4444,3016,0,131315,648,2018-04-22 06:33:12,FALSE,,,,"https://pbs.twimg.com/profile_banners/987942377460551682/1629505527","","http://pbs.twimg.com/profile_images/1419418660221997064/_Ckw4ESO_normal.jpg"
"x987942377460551682","a_lkhayr","Ø¯Ø¹Ø§Ø© Ø§Ù„Ø®ÙŠØ± (Ø¯Ø®ÙˆÙ„ Ù…ØªÙ‚Ø·Ø¹).",,"â€â€â€â€â€â€â€â€Ø¯Ø¹Ø§Ø© Ø§Ù„Ø®ÙŠØ±... ÙÙ„Ø§Ø­ ÙˆØ®ÙŠØ±.
ï¸
ï¸ ï¸ ï¸ï¸ ï¸ ï¸ ï¸ ï¸ï¸
ï¸ 
ï¸ ï¸ ï¸ï¸ ï¸ ï¸ ï¸ ï¸ ï¸ ï¸ ï¸ ï¸ ï¸ ï¸ ï¸                                      Ø§Ù„Ø°ÙŠ ÙŠØ¯ÙŠØ± Ø§Ù„Ø­Ø³Ø§Ø¨ Ø±ÙØ¬ÙÙ„Ù’.",,FALSE,4444,3016,0,131315,648,2018-04-22 06:33:12,FALSE,,,,"https://pbs.twimg.com/profile_banners/987942377460551682/1629505527","","http://pbs.twimg.com/profile_images/1419418660221997064/_Ckw4ESO_normal.jpg"
"x1247849376","shadoswulf","WulfğŸ³ï¸â€âš§ï¸","Santa Cruz, California","Names Shadoswulf, a California native. I'm a gamer, a lover of music an maker, a bar worker and a streamer. WOO!
https://soundcloud.com/shad0swulf/tracks","https://www.twitch.tv/shadoswulf",FALSE,350,1335,3,34408,17431,2013-03-07 04:01:25,FALSE,,,,"https://pbs.twimg.com/profile_banners/1247849376/1591208070","http://abs.twimg.com/images/themes/theme15/bg.png","http://pbs.twimg.com/profile_images/1430320175203553280/wGiwnNX1_normal.jpg"
"x871746784703516672","Hangry_Harto","ğŸ§ HangryHarto ğŸ§",,"Twitch Affiliate | Autistic ğŸŒˆ | Gamer ğŸ® | Simmer and horror game fanatic ğŸ‰ |  Aspiring artist ğŸ¨| Soon to be Veterinarian ğŸ¶ğŸ±","https://twitch.tv/hangryharto",FALSE,673,771,2,2041,3803,2017-06-05 15:13:24,FALSE,,,,"https://pbs.twimg.com/profile_banners/871746784703516672/1623677060","http://abs.twimg.com/images/themes/theme1/bg.png","http://pbs.twimg.com/profile_images/1401186038241021953/8d245T9-_normal.jpg"
"x28288262","lupawolf152","Tessa ğŸ®ğŸº Lupawolf152","Melbourne, Australia","geeky gamer - Twitch streamer - 7DaysToDie & other RPG/Survival games - channel surfer, video editor, fandom fangirl, amateur DnD adventurer ğŸ–¤ğŸ’›â¤ï¸ she/her","https://www.twitch.tv/lupawolf152",FALSE,885,816,86,75476,169091,2009-04-02 05:24:52,FALSE,,,,"https://pbs.twimg.com/profile_banners/28288262/1399446011","http://abs.twimg.com/images/themes/theme9/bg.gif","http://pbs.twimg.com/profile_images/1311379337044656128/WyQvvpc8_normal.jpg"
"x28288262","lupawolf152","Tessa ğŸ®ğŸº Lupawolf152","Melbourne, Australia","geeky gamer - Twitch streamer - 7DaysToDie & other RPG/Survival games - channel surfer, video editor, fandom fangirl, amateur DnD adventurer ğŸ–¤ğŸ’›â¤ï¸ she/her","https://www.twitch.tv/lupawolf152",FALSE,885,816,86,75476,169091,2009-04-02 05:24:52,FALSE,,,,"https://pbs.twimg.com/profile_banners/28288262/1399446011","http://abs.twimg.com/images/themes/theme9/bg.gif","http://pbs.twimg.com/profile_images/1311379337044656128/WyQvvpc8_normal.jpg"
"x1239496930994147328","Andalyss1","Andalyss","France","Streameuse trÃ¨s talentueuse (hm.) ğŸŒˆ | mange de l'herbe ğŸŒ»| Ambassadrice @Afrogameuses et membre @Persoscaches | https://t.co/jlFIm4YZnA | https://t.co/SPs4QPegNR","https://www.twitch.tv/andalyss",FALSE,197,110,8,954,7425,2020-03-16 10:21:33,FALSE,,,,"https://pbs.twimg.com/profile_banners/1239496930994147328/1605294937","","http://pbs.twimg.com/profile_images/1354738194940649472/Eh0oQPQN_normal.jpg"
"x2421146683","Silkaie","Silka#BLM",,"I am Silka, I draw and exist. I'm a hololive simp and I love vtubers in general.
Commissions are open!
Available Slots (7/8)
She/Her","https://docs.google.com/document/d/1hdhzk5Wy-SulSUHSVhZy_pKrmSyVhzTsbpgOqnV8eNE/edit?usp=sharing",FALSE,68,83,2,3225,51114,2014-03-31 22:28:46,FALSE,,,,"https://pbs.twimg.com/profile_banners/2421146683/1623821502","http://abs.twimg.com/images/themes/theme1/bg.png","http://pbs.twimg.com/profile_images/1405035323621527556/Jq6K_nVs_normal.jpg"
"x1311344835081764871","N_Als5","Ù†ÙˆØ±Ù‡ Ù†Ø§ØµØ±",,"â€â€â€â€â€â€â€â€â€â€â€â€â€â€â€â€â€â€â€â€â€â€â€â€â€â€â€â€â€â€â€â€â€â€â€â€â€â€â€â€â€â€â€â€#Ù†Ø§Ø¦Ø¨Ù‡_Ù…Ø¬Ù…ÙˆØ¹Ø§Øª_Ø±Ø­Ø§Ø¨_Ø§Ù„Ø¯Ø¹ÙˆÙ‡ â€",,FALSE,2210,384,3,95035,2359,2020-09-30 16:39:30,FALSE,,,,"https://pbs.twimg.com/profile_banners/1311344835081764871/1601490313","","http://pbs.twimg.com/profile_images/1420949991942668296/Fw2pqEzA_normal.jpg"
"x1311344835081764871","N_Als5","Ù†ÙˆØ±Ù‡ Ù†Ø§ØµØ±",,"â€â€â€â€â€â€â€â€â€â€â€â€â€â€â€â€â€â€â€â€â€â€â€â€â€â€â€â€â€â€â€â€â€â€â€â€â€â€â€â€â€â€â€â€#Ù†Ø§Ø¦Ø¨Ù‡_Ù…Ø¬Ù…ÙˆØ¹Ø§Øª_Ø±Ø­Ø§Ø¨_Ø§Ù„Ø¯Ø¹ÙˆÙ‡ â€",,FALSE,2210,384,3,95035,2359,2020-09-30 16:39:30,FALSE,,,,"https://pbs.twimg.com/profile_banners/1311344835081764871/1601490313","","http://pbs.twimg.com/profile_images/1420949991942668296/Fw2pqEzA_normal.jpg"
"x1311344835081764871","N_Als5","Ù†ÙˆØ±Ù‡ Ù†Ø§ØµØ±",,"â€â€â€â€â€â€â€â€â€â€â€â€â€â€â€â€â€â€â€â€â€â€â€â€â€â€â€â€â€â€â€â€â€â€â€â€â€â€â€â€â€â€â€â€#Ù†Ø§Ø¦Ø¨Ù‡_Ù…Ø¬Ù…ÙˆØ¹Ø§Øª_Ø±Ø­Ø§Ø¨_Ø§Ù„Ø¯Ø¹ÙˆÙ‡ â€",,FALSE,2210,384,3,95035,2359,2020-09-30 16:39:30,FALSE,,,,"https://pbs.twimg.com/profile_banners/1311344835081764871/1601490313","","http://pbs.twimg.com/profile_images/1420949991942668296/Fw2pqEzA_normal.jpg"
"x237841486","brotherxwes","Wes is Giving the Homies Kissies, Respectfully","Birmingham, AL","+ Satanist + He/They + Pan & Polyam + Proud Appalachian + Storyteller + Wrestling Mark + Founder of @ComfortCarrion + Thanatos on #HadesHighSchool + #TTRPG Gang","https://linktr.ee/brotherxwes",FALSE,935,777,8,28638,115245,2011-01-13 19:22:02,FALSE,,,,"https://pbs.twimg.com/profile_banners/237841486/1630529467","http://abs.twimg.com/images/themes/theme9/bg.gif","http://pbs.twimg.com/profile_images/1429136002065575941/C81lQxt__normal.jpg"
"x598768995","Skywilly_GSS","Skywilly","DrÃ´me / France","Des https://t.co/dzqlkekaIP sur mon temps libre.
Je trouve les jeux auxquels vous jouerez dans 2 ans via : @Sky_PID
- Sourcing Manager pour @PlugInDigital -","https://www.linkedin.com/in/williambertin/",FALSE,1704,379,59,42204,17866,2012-06-03 21:46:58,FALSE,,,,"https://pbs.twimg.com/profile_banners/598768995/1568374233","http://abs.twimg.com/images/themes/theme1/bg.png","http://pbs.twimg.com/profile_images/1410182179787882501/wFKYToUB_normal.jpg"
"x809566117601673218","ItsPlebBoi","ItsPlebBoi on the twitch","The Interent","Streamer | Professional idiot | pro league meme master | bad at video games","https://www.twitch.tv/itsplebboi",FALSE,82,737,2,1724,1016,2016-12-16 01:09:38,FALSE,,,,"https://pbs.twimg.com/profile_banners/809566117601673218/1591622178","","http://pbs.twimg.com/profile_images/1257762080372948994/AXMjTAoJ_normal.jpg"
"x884241653426515968","highxlash","âœ¨Lash Waifu | She/Her (KO-FI Comms Open)âœ¨",,"âœ¨ activist, artist, creator
âœ¨ @vs_evil herald 
âœ¨ co-founder of @UnderworldTeam_  
âœ¨ inquiries@highxlash.com 
âœ¨ https://t.co/qt08krgngF 
âœ¨ https://t.co/x5P92dnfmM","https://twitch.tv/highxlash",FALSE,707,474,4,7950,24736,2017-07-10 02:43:33,FALSE,,,,"https://pbs.twimg.com/profile_banners/884241653426515968/1609720188","","http://pbs.twimg.com/profile_images/1384895358564765708/7ojVD4mm_normal.jpg"
"x1172651214737149952","getnplayzone","GET N' PLAY",,"EntÃ©rate de todos los juegos gratis para PC, PlayStation, Xbox, Nintendo y mÃ¡s!
http://facebook.com/getnplayzone","http://www.gnpzone.com/",FALSE,10,151,0,523,14,2019-09-13 23:20:20,FALSE,,,,"https://pbs.twimg.com/profile_banners/1172651214737149952/1590613515","","http://pbs.twimg.com/profile_images/1265548447198973953/OlsOUnnW_normal.jpg"
