"created_at","status_id","text","truncated","source","status_in_reply_to_status_id","status_in_reply_to_user_id","in_reply_to_screen_name","geo","coordinates","contributors","is_quote_status","retweet_count","favorite_count","favorited","retweeted","lang","possibly_sensitive","status_quoted_status_id"
2021-09-01 19:57:58,"x1433157202492235776","@StarTrek_Lt That'd be awesome! I look forward to having you attend the stream",FALSE,"<a href=""https://mobile.twitter.com"" rel=""nofollow"">Twitter Web App</a>","x1433130130222682117","x780551700432117760","StarTrek_Lt",,,,FALSE,0,0,FALSE,FALSE,"en",,
2021-09-01 17:34:20,"x1433121056114479108","@StarTrek_Lt wow thanks! I love this image.",FALSE,"<a href=""https://mobile.twitter.com"" rel=""nofollow"">Twitter Web App</a>","x1433113337164746754","x780551700432117760","StarTrek_Lt",,,,FALSE,0,0,FALSE,FALSE,"en",,
2021-09-01 15:26:41,"x1433088930077937674","@StarTrek_Lt The building with the green roof is an Art Deco beauty for sure. https://t.co/4a3it9eHI2",FALSE,"<a href=""http://twitter.com/download/iphone"" rel=""nofollow"">Twitter for iPhone</a>","x1433088675282178051","x780551700432117760","StarTrek_Lt",,,,FALSE,0,1,TRUE,FALSE,"en",FALSE,
2021-09-01 01:35:24,"x1432879732278927360","@StarTrek_Lt science is a liar sometimes",FALSE,"<a href=""http://twitter.com/download/iphone"" rel=""nofollow"">Twitter for iPhone</a>","x1432850092688510980","x780551700432117760","StarTrek_Lt",,,,FALSE,0,0,FALSE,FALSE,"en",,
2021-08-31 23:33:59,"x1432849177986404352","@StarTrek_Lt Of course the project can be slow in fits and starts! But engaged folks like you and @anushka_kurian give me hope.",FALSE,"<a href=""http://twitter.com/download/iphone"" rel=""nofollow"">Twitter for iPhone</a>","x1432848271219691525","x780551700432117760","StarTrek_Lt",,,,FALSE,0,1,FALSE,FALSE,"en",,
2021-08-31 23:13:14,"x1432843957155897348","@StarTrek_Lt I may actually consider this! Great idea - thank you!",FALSE,"<a href=""http://twitter.com/download/iphone"" rel=""nofollow"">Twitter for iPhone</a>","x1432841873316483073","x780551700432117760","StarTrek_Lt",,,,FALSE,0,1,TRUE,FALSE,"en",,
2021-08-31 21:27:58,"x1432817462316306439","@savostrowski @StarTrek_Lt Latest Python 2, with giant warning and latest Python 3.9.",FALSE,"<a href=""https://mobile.twitter.com"" rel=""nofollow"">Twitter Web App</a>","x1432810918920867843","x311229270","savostrowski",,,,FALSE,0,1,FALSE,FALSE,"en",,
2021-08-31 21:24:31,"x1432816596863655939","@StarTrek_Lt @savostrowski Please do not use this. It‚Äôs unsupported.",FALSE,"<a href=""http://twitter.com/download/iphone"" rel=""nofollow"">Twitter for iPhone</a>","x1432810248935383043","x780551700432117760","StarTrek_Lt",,,,FALSE,0,0,FALSE,FALSE,"en",,
2021-08-31 21:01:58,"x1432810918920867843","@StarTrek_Lt What version comes default on the latest MacOS version?",FALSE,"<a href=""https://mobile.twitter.com"" rel=""nofollow"">Twitter Web App</a>","x1432810248935383043","x780551700432117760","StarTrek_Lt",,,,FALSE,0,1,FALSE,FALSE,"en",,
2021-08-31 20:04:26,"x1432796442070970371","@StarTrek_Lt That‚Äôs cool. I will try plant and bug based foods at least once in a while to encourage the industry t‚Ä¶ https://t.co/CkMqWyiYxM",TRUE,"<a href=""http://twitter.com/download/iphone"" rel=""nofollow"">Twitter for iPhone</a>","x1432794670623461378","x780551700432117760","StarTrek_Lt",,,,FALSE,0,1,TRUE,FALSE,"en",,
2021-08-31 19:55:36,"x1432794217256873986","@StarTrek_Lt That‚Äôs neat. I‚Äôm actually going to look for these at Superstore now.",FALSE,"<a href=""http://twitter.com/download/iphone"" rel=""nofollow"">Twitter for iPhone</a>","x1432758361255071750","x780551700432117760","StarTrek_Lt",,,,FALSE,0,1,TRUE,FALSE,"en",,
2021-08-31 19:40:51,"x1432790506715684871","@StarTrek_Lt @rstatstweet Oh no‚Äîyou can still use the magrittr pipe! On the contrary, the |&gt; pipe has been added as‚Ä¶ https://t.co/jHWnIOnJE7",TRUE,"<a href=""http://twitter.com/download/iphone"" rel=""nofollow"">Twitter for iPhone</a>","x1432789812507934722","x780551700432117760","StarTrek_Lt",,,,FALSE,0,1,TRUE,FALSE,"en",,
2021-08-31 19:35:51,"x1432789249586237442","@StarTrek_Lt @rstatstweet There‚Äôs some differences to the magrittr pipe.

AFAIK, the new pipe requires functions to‚Ä¶ https://t.co/GN6laiCCLT",TRUE,"<a href=""http://twitter.com/download/iphone"" rel=""nofollow"">Twitter for iPhone</a>","x1432787779633647618","x780551700432117760","StarTrek_Lt",,,,FALSE,0,0,FALSE,FALSE,"en",,
2021-08-31 19:12:04,"x1432783261533605889","@StarTrek_Lt Yeah, sometimes it's hard to remember that, thank you üíú",FALSE,"<a href=""http://twitter.com/download/android"" rel=""nofollow"">Twitter for Android</a>","x1432774051907260417","x780551700432117760","StarTrek_Lt",,,,FALSE,0,3,TRUE,FALSE,"en",,
2021-08-31 18:50:34,"x1432777852617961472","@StarTrek_Lt @rstatstweet Thanks for catching the typo. People peopel, potato potateau :-)",FALSE,"<a href=""http://twitter.com/download/iphone"" rel=""nofollow"">Twitter for iPhone</a>","x1432768035287277574","x780551700432117760","StarTrek_Lt",,,,FALSE,0,0,FALSE,FALSE,"en",,
2021-08-31 16:22:32,"x1432740598985990147","@StarTrek_Lt @rstatstweet I got a few suggestions",FALSE,"<a href=""https://mobile.twitter.com"" rel=""nofollow"">Twitter Web App</a>","x1432697789427838980","x780551700432117760","StarTrek_Lt",,,,FALSE,0,0,FALSE,FALSE,"en",,
2021-08-31 15:00:13,"x1432719883607871499","@StarTrek_Lt @BrentBrewington @rstatstweet I‚Äôm bad at python, but yes, I think the ‚Ä¶ is similar (optional arguments‚Ä¶ https://t.co/xfSoV8JXS6",TRUE,"<a href=""http://twitter.com/#!/download/ipad"" rel=""nofollow"">Twitter for iPad</a>","x1432695347017437186","x780551700432117760","StarTrek_Lt",,,,FALSE,1,1,FALSE,FALSE,"en",,
2021-08-31 13:20:29,"x1432694786457227271","@StarTrek_Lt @BrentBrewington @rstatstweet The ‚Äú..‚Äù refers to the order of the function arguments.  It‚Äôs a stupid w‚Ä¶ https://t.co/QhVz2vAd9a",TRUE,"<a href=""http://twitter.com/#!/download/ipad"" rel=""nofollow"">Twitter for iPad</a>","x1432688160933249025","x780551700432117760","StarTrek_Lt",,,,FALSE,0,0,FALSE,FALSE,"en",,
2021-08-31 03:54:47,"x1432552421302194180","@StarTrek_Lt That's totally understandable. But this is also the very reason I host TransSafeSpaces regularly. I wa‚Ä¶ https://t.co/KVt58p5tEZ",TRUE,"<a href=""http://twitter.com/download/android"" rel=""nofollow"">Twitter for Android</a>","x1432551748422356997","x780551700432117760","StarTrek_Lt",,,,FALSE,0,0,FALSE,FALSE,"en",,
2021-08-31 03:07:39,"x1432540560892518402","@StarTrek_Lt It's just Twitter. Same app. But only works 100% on phones. The computer version is wonky. If I'm glow‚Ä¶ https://t.co/xOYHsaiNsY",TRUE,"<a href=""http://twitter.com/download/android"" rel=""nofollow"">Twitter for Android</a>","x1432539585423151106","x780551700432117760","StarTrek_Lt",,,,FALSE,0,1,TRUE,FALSE,"en",,
2021-08-31 02:18:03,"x1432528077024743426","@StarTrek_Lt ‚ù§Ô∏è",FALSE,"<a href=""https://about.twitter.com/products/tweetdeck"" rel=""nofollow"">TweetDeck</a>","x1432527402912018432","x780551700432117760","StarTrek_Lt",,,,FALSE,0,0,FALSE,FALSE,"und",,
2021-08-31 02:09:25,"x1432525905994272769","@StarTrek_Lt Thanks, this is very interesting!",FALSE,"<a href=""https://mobile.twitter.com"" rel=""nofollow"">Twitter Web App</a>","x1432454973887897602","x780551700432117760","StarTrek_Lt",,,,FALSE,0,1,TRUE,FALSE,"en",,
2021-08-31 01:55:23,"x1432522374537170944","@StarTrek_Lt Health bot and green bot just pump out junk with the hashtag #GMO .  I use their posts as educational opportunities.",FALSE,"<a href=""https://about.twitter.com/products/tweetdeck"" rel=""nofollow"">TweetDeck</a>","x1432522040561471491","x780551700432117760","StarTrek_Lt",,,,FALSE,0,5,FALSE,FALSE,"en",,
2021-08-30 18:52:14,"x1432415885445189636","@StarTrek_Lt Once you take the plunge in tweaking your setup, it can be quite addictive!  Not that I would know fro‚Ä¶ https://t.co/Nx1LqW9Mxj",TRUE,"<a href=""https://mobile.twitter.com"" rel=""nofollow"">Twitter Web App</a>","x1432409677850054656","x780551700432117760","StarTrek_Lt",,,,FALSE,0,2,TRUE,FALSE,"en",FALSE,
2021-08-30 06:46:48,"x1432233321820532742","@StarTrek_Lt @RNickGorton I am indeed, thank you!",FALSE,"<a href=""http://twitter.com/download/android"" rel=""nofollow"">Twitter for Android</a>","x1432129932688191490","x780551700432117760","StarTrek_Lt",,,,FALSE,0,0,FALSE,FALSE,"en",,
2021-08-30 03:21:12,"x1432181581683335168","@StarTrek_Lt Yes, this crossover explains the begrudging truce taking place. No bloodshed so far on my nightstand.",FALSE,"<a href=""http://twitter.com/download/iphone"" rel=""nofollow"">Twitter for iPhone</a>","x1432173739769143299","x780551700432117760","StarTrek_Lt",,,,FALSE,0,0,FALSE,FALSE,"en",,
2021-08-30 02:55:52,"x1432175205334413313","@StarTrek_Lt @SebastianArcosR @rstatstweet https://t.co/pFqKcE1eRI",FALSE,"<a href=""http://twitter.com/download/iphone"" rel=""nofollow"">Twitter for iPhone</a>","x1432167795966447616","x780551700432117760","StarTrek_Lt",,,,FALSE,0,0,FALSE,FALSE,"und",FALSE,
2021-08-30 02:33:24,"x1432169554759745539","@StarTrek_Lt @WaPoFood Ikr? It actually looks pretty good.

But if someone hands you that and calls it pizza you re‚Ä¶ https://t.co/SRHOrYhpSJ",TRUE,"<a href=""http://twitter.com/download/android"" rel=""nofollow"">Twitter for Android</a>","x1432168670571077635","x780551700432117760","StarTrek_Lt",,,,FALSE,0,1,TRUE,FALSE,"en",,
2021-08-30 02:22:55,"x1432166912926965763","@StarTrek_Lt @BlackGirlsCode ü§óü§óü§ó",FALSE,"<a href=""https://mobile.twitter.com"" rel=""nofollow"">Twitter Web App</a>","x1432164609587232776","x780551700432117760","StarTrek_Lt",,,,FALSE,0,0,FALSE,FALSE,"und",,
2021-08-30 02:09:38,"x1432163569970339846","@StarTrek_Lt Haha yes I‚Äôm a looong time muter of nonsense. Nonsense gets muted; hate or threats against me or someone I care about blocked.",FALSE,"<a href=""http://twitter.com/download/iphone"" rel=""nofollow"">Twitter for iPhone</a>","x1432163265061081089","x780551700432117760","StarTrek_Lt",,,,FALSE,0,1,TRUE,FALSE,"en",,
2021-08-30 02:07:12,"x1432162959992795138","@StarTrek_Lt I do. All the time. Thanks pal! No worries. Just making a point. ‚ò∫Ô∏èüòò",FALSE,"<a href=""http://twitter.com/download/iphone"" rel=""nofollow"">Twitter for iPhone</a>","x1432162719558291460","x780551700432117760","StarTrek_Lt",,,,FALSE,0,1,TRUE,FALSE,"en",,
2021-08-30 00:46:46,"x1432142719774703620","@StarTrek_Lt @hadleywickham Well, I think this is a bit different? Advanced R isn't really a ""how to do X"" kind of‚Ä¶ https://t.co/HBWLxri8s2",TRUE,"<a href=""https://about.twitter.com/products/tweetdeck"" rel=""nofollow"">TweetDeck</a>","x1432135427285151751","x780551700432117760","StarTrek_Lt",,,,FALSE,0,0,FALSE,FALSE,"en",,
2021-08-30 00:42:48,"x1432141721597579270","@StarTrek_Lt Sadly, I would have to agree with you ... the Borg prefer intelligent, advanced species that will aid‚Ä¶ https://t.co/mJgtkgidYs",TRUE,"<a href=""https://mobile.twitter.com"" rel=""nofollow"">Twitter Web App</a>","x1432140923979190281","x780551700432117760","StarTrek_Lt",,,,FALSE,0,0,FALSE,FALSE,"en",,
2021-08-30 00:23:42,"x1432136911850704898","@StarTrek_Lt Haha definitely not always, I spend 30-60 minutes per day reading! (And I also go outside a lot especi‚Ä¶ https://t.co/bCRn2HVZCd",TRUE,"<a href=""http://twitter.com/download/iphone"" rel=""nofollow"">Twitter for iPhone</a>","x1432133892153118725","x780551700432117760","StarTrek_Lt",,,,FALSE,0,2,TRUE,FALSE,"en",,
2021-08-30 00:14:58,"x1432134714911977476","@StarTrek_Lt I mean, it's not like I can blame @hadleywickham for my own poor decision not to read Advanced R cover‚Ä¶ https://t.co/nAOz4uuLr6",TRUE,"<a href=""https://about.twitter.com/products/tweetdeck"" rel=""nofollow"">TweetDeck</a>","x1432134151503712256","x780551700432117760","StarTrek_Lt",,,,FALSE,0,2,FALSE,FALSE,"en",,
2021-08-29 21:47:33,"x1432097615533854720","@StarTrek_Lt https://t.co/TCDQaDKF19",FALSE,"<a href=""https://mobile.twitter.com"" rel=""nofollow"">Twitter Web App</a>","x1432097164348383233","x780551700432117760","StarTrek_Lt",,,,FALSE,0,1,TRUE,FALSE,"und",FALSE,
2021-08-29 13:09:20,"x1431967204396912640","@StarTrek_Lt I'm really sorry that you experienced that. We all deserve better, you included.",FALSE,"<a href=""http://twitter.com/download/android"" rel=""nofollow"">Twitter for Android</a>","x1431966348922351618","x780551700432117760","StarTrek_Lt",,,,FALSE,0,1,TRUE,FALSE,"en",,
2021-08-29 13:06:09,"x1431966403096195075","@StarTrek_Lt @GordPennycook Wow, none of these are even remotely ok in a workplace (or imo ever but some people lik‚Ä¶ https://t.co/G9LpBBulOR",TRUE,"<a href=""http://twitter.com/download/android"" rel=""nofollow"">Twitter for Android</a>","x1431961792020811779","x780551700432117760","StarTrek_Lt",,,,FALSE,0,0,FALSE,FALSE,"en",,
2021-08-29 13:01:48,"x1431965308722556931","@StarTrek_Lt @chbergma @GordPennycook We're not talking about physical aggression here but attitude. Ever heard the‚Ä¶ https://t.co/l0afSGN8mi",TRUE,"<a href=""http://twitter.com/download/android"" rel=""nofollow"">Twitter for Android</a>","x1431963564500082691","x780551700432117760","StarTrek_Lt",,,,FALSE,0,1,TRUE,FALSE,"en",FALSE,
2021-08-29 12:58:53,"x1431964573352042499","@StarTrek_Lt Ha! Here‚Äôs the trailer.

https://t.co/Dtdxz1WgDP",FALSE,"<a href=""http://twitter.com/download/iphone"" rel=""nofollow"">Twitter for iPhone</a>","x1431964214902411264","x780551700432117760","StarTrek_Lt",,,,FALSE,1,1,TRUE,FALSE,"en",FALSE,
2021-08-29 12:50:45,"x1431962525508177922","@chbergma @StarTrek_Lt @GordPennycook Lol. That is sooo aggressive.",FALSE,"<a href=""http://twitter.com/download/android"" rel=""nofollow"">Twitter for Android</a>","x1431849351769477120","x1092889387","chbergma",,,,FALSE,0,0,FALSE,FALSE,"en",,
2021-08-29 09:22:02,"x1431909998972571649","@StarTrek_Lt Wouldn‚Äôt rpy2 meet that need? https://t.co/DLClyemKLu",FALSE,"<a href=""http://twitter.com/download/iphone"" rel=""nofollow"">Twitter for iPhone</a>","x1431790733053218822","x780551700432117760","StarTrek_Lt",,,,FALSE,0,2,TRUE,FALSE,"en",FALSE,
2021-08-29 05:21:02,"x1431849351769477120","@StarTrek_Lt @GordPennycook That would be neutral in your office? I'd be shocked if someone did that",FALSE,"<a href=""http://twitter.com/download/android"" rel=""nofollow"">Twitter for Android</a>","x1431790307046092801","x780551700432117760","StarTrek_Lt",,,,FALSE,0,2,FALSE,FALSE,"en",,
2021-08-29 00:09:22,"x1431770917357637635","@StarTrek_Lt Not just psychologists, people who struggle with it too, and everyone with an ounce of empathy. That's‚Ä¶ https://t.co/MUXe4TjXtt",TRUE,"<a href=""http://twitter.com/download/iphone"" rel=""nofollow"">Twitter for iPhone</a>","x1431770631192793092","x780551700432117760","StarTrek_Lt",,,,FALSE,0,4,TRUE,FALSE,"en",,
2021-08-28 21:19:38,"x1431728204595798018","@StarTrek_Lt Head to the GitHub repo üòÄ https://t.co/kT0i5WNcXc",FALSE,"<a href=""http://twitter.com/download/iphone"" rel=""nofollow"">Twitter for iPhone</a>","x1431722864676249603","x780551700432117760","StarTrek_Lt",,,,FALSE,0,1,TRUE,FALSE,"en",FALSE,
2021-08-28 20:42:28,"x1431718849364348934","@StarTrek_Lt Much like the R community itself in the early years, I see a future with many more media content creat‚Ä¶ https://t.co/8NLsAwBmzC",TRUE,"<a href=""http://twitter.com/download/android"" rel=""nofollow"">Twitter for Android</a>","x1431698838360772611","x780551700432117760","StarTrek_Lt",,,,FALSE,0,1,TRUE,FALSE,"en",,
2021-08-28 18:43:22,"x1431688879082442756","@StarTrek_Lt Head to https://t.co/1UnqtJ0w8N üëç",FALSE,"<a href=""https://mobile.twitter.com"" rel=""nofollow"">Twitter Web App</a>","x1431686850255589377","x780551700432117760","StarTrek_Lt",,,,FALSE,0,0,FALSE,FALSE,"en",FALSE,
2021-08-28 18:23:19,"x1431683832168779782","@StarTrek_Lt I'm so happy for you! Looks like another entry is going to be added to {shinycal} üòÄ",FALSE,"<a href=""https://mobile.twitter.com"" rel=""nofollow"">Twitter Web App</a>","x1431653444956274688","x780551700432117760","StarTrek_Lt",,,,FALSE,0,1,TRUE,FALSE,"en",,
2021-08-28 10:43:25,"x1431568093273280515","@VLucet @StarTrek_Lt I don‚Äôt quite understand it! They‚Äôre supposed to make decisions that is in the best interest o‚Ä¶ https://t.co/69HhYsoIaW",TRUE,"<a href=""http://twitter.com/download/iphone"" rel=""nofollow"">Twitter for iPhone</a>","x1431509029906534401","x2798919375","VLucet",,,,FALSE,0,0,FALSE,FALSE,"en",,
2021-08-28 10:05:40,"x1431558594856620032","@matloff @StarTrek_Lt @val_the_narwhal just read your text, really interesting thank you, and I agree 100%",FALSE,"<a href=""https://mobile.twitter.com"" rel=""nofollow"">Twitter Web App</a>","x1431029608862732291","x317271050","matloff",,,,FALSE,0,1,FALSE,FALSE,"en",,
2021-08-28 06:48:43,"x1431509029906534401","@DeNovo_Fatima @StarTrek_Lt Most likely a minority. Core university leadership is most likely not aligning politica‚Ä¶ https://t.co/E7kVTCwVMo",TRUE,"<a href=""http://twitter.com/download/android"" rel=""nofollow"">Twitter for Android</a>","x1431406088541327360","x97620342","DeNovo_Fatima",,,,FALSE,0,1,FALSE,FALSE,"en",,
2021-08-28 01:49:51,"x1431433819261792263","@StarTrek_Lt Ahh, thank you and welcome! ‚ù§",FALSE,"<a href=""http://twitter.com/download/android"" rel=""nofollow"">Twitter for Android</a>","x1431420768835948546","x780551700432117760","StarTrek_Lt",,,,FALSE,0,0,FALSE,FALSE,"en",,
2021-08-28 00:26:46,"x1431412909142274049","@StarTrek_Lt I stream Friday nights at 8pm Pacific, if you want to come hang out!

But let me know if you start str‚Ä¶ https://t.co/YzScXR11de",TRUE,"<a href=""https://mobile.twitter.com"" rel=""nofollow"">Twitter Web App</a>","x1431401541311680512","x780551700432117760","StarTrek_Lt",,,,FALSE,0,1,TRUE,FALSE,"en",,
2021-08-28 00:04:37,"x1431407332743950338","@StarTrek_Lt Neither do I nor the faculty at the schools of population health &amp; law üòë",FALSE,"<a href=""http://twitter.com/download/iphone"" rel=""nofollow"">Twitter for iPhone</a>","x1431406571880280069","x780551700432117760","StarTrek_Lt",,,,FALSE,0,2,TRUE,FALSE,"en",,
2021-08-28 00:02:38,"x1431406835895087104","@StarTrek_Lt ‚ÄúWinter is coming‚Ä¶‚Äù (in the No Hemisphere)",FALSE,"<a href=""http://twitter.com/download/iphone"" rel=""nofollow"">Twitter for iPhone</a>","x1431401541311680512","x780551700432117760","StarTrek_Lt",,,,FALSE,0,0,FALSE,FALSE,"en",,
2021-08-27 23:59:40,"x1431406088541327360","@StarTrek_Lt I know for a fact some donors have written to the admin as well. But maybe not enough of them?
Some of‚Ä¶ https://t.co/CkHTw1OEX6",TRUE,"<a href=""http://twitter.com/download/iphone"" rel=""nofollow"">Twitter for iPhone</a>","x1431393149071466496","x780551700432117760","StarTrek_Lt",,,,FALSE,0,1,FALSE,FALSE,"en",,
2021-08-27 23:11:25,"x1431393944957509636","@StarTrek_Lt Yes, more data!! And also plots!!",FALSE,"<a href=""http://twitter.com/download/iphone"" rel=""nofollow"">Twitter for iPhone</a>","x1431393657484050436","x780551700432117760","StarTrek_Lt",,,,FALSE,0,2,TRUE,FALSE,"en",,
2021-08-27 20:52:47,"x1431359057596542977","@StarTrek_Lt @AngeBassa Heck yesüòé",FALSE,"<a href=""http://twitter.com/download/iphone"" rel=""nofollow"">Twitter for iPhone</a>","x1431358419152236547","x780551700432117760","StarTrek_Lt",,,,FALSE,0,1,FALSE,FALSE,"en",,
2021-08-27 04:39:42,"x1431114173459558400","@aronro @StarTrek_Lt @val_the_narwhal Why, thanks! :-) But I have at times compared them to a cult. Early on, when‚Ä¶ https://t.co/mYs1aRU03f",TRUE,"<a href=""https://mobile.twitter.com"" rel=""nofollow"">Twitter Web App</a>","x1431113096873996291","x27377501","aronro",,,,FALSE,0,0,FALSE,FALSE,"en",,
2021-08-27 02:34:18,"x1431082615897944072","@StarTrek_Lt I feel like one day she'll realize Rand was terrible",FALSE,"<a href=""http://twitter.com/download/android"" rel=""nofollow"">Twitter for Android</a>","x1431081637312294915","x780551700432117760","StarTrek_Lt",,,,FALSE,0,1,FALSE,FALSE,"en",,
2021-08-27 01:25:32,"x1431065308459151362","@StarTrek_Lt @matloff @rstats4ds Exactly! I love the dedication you've given by providing and explaining this code‚Ä¶ https://t.co/pxHqSmR2pz",TRUE,"<a href=""http://twitter.com/download/android"" rel=""nofollow"">Twitter for Android</a>","x1431064245865644034","x780551700432117760","StarTrek_Lt",,,,FALSE,0,1,TRUE,FALSE,"en",,
2021-08-27 00:41:16,"x1431054169612431363","@matloff @rstats4ds @StarTrek_Lt That's why I think learning some base R is so important. Tidyverse didn't help me‚Ä¶ https://t.co/RXsb4pPJfJ",TRUE,"<a href=""http://twitter.com/download/android"" rel=""nofollow"">Twitter for Android</a>","x1431048695013724163","x317271050","matloff",,,,FALSE,0,4,FALSE,FALSE,"en",,
2021-08-27 00:19:31,"x1431048695013724163","@val_the_narwhal @rstats4ds @StarTrek_Lt One sees R beginners eho are taught using tidy, and who rave about how gra‚Ä¶ https://t.co/hQXHKTFDLQ",TRUE,"<a href=""https://mobile.twitter.com"" rel=""nofollow"">Twitter Web App</a>","x1431046233234280451","x957010521739481090","val_the_narwhal",,,,FALSE,0,10,FALSE,FALSE,"en",,
2021-08-27 00:09:44,"x1431046233234280451","@matloff @StarTrek_Lt I am teaching non-programmers how to use RStudio and tidyverse just ain't it. Like you wrote,‚Ä¶ https://t.co/ZNFZbTUPM2",TRUE,"<a href=""http://twitter.com/download/android"" rel=""nofollow"">Twitter for Android</a>","x1431029608862732291","x317271050","matloff",,,,FALSE,1,8,FALSE,FALSE,"en",,
2021-08-27 00:06:05,"x1431045313830215682","@StarTrek_Lt Manipulating data frames, recoding variables of all types, basic descriptive statistics, more advanced‚Ä¶ https://t.co/FimHXXoaFe",TRUE,"<a href=""http://twitter.com/download/android"" rel=""nofollow"">Twitter for Android</a>","x1431025803232309253","x780551700432117760","StarTrek_Lt",,,,FALSE,0,1,TRUE,FALSE,"en",,
2021-08-26 23:59:20,"x1431043619092373512","@SimonvBaal @StarTrek_Lt I enjoy the lighthearted fights!",FALSE,"<a href=""http://twitter.com/download/android"" rel=""nofollow"">Twitter for Android</a>","x1431032921863847936","x1145574850448089088","SimonvBaal",,,,FALSE,0,1,TRUE,FALSE,"en",,
2021-08-26 23:56:11,"x1431042822556225547","@StarTrek_Lt Ah, so this ggplot2 is called in a parameterised .Rmd and the parameters dictate which dataset is pipe‚Ä¶ https://t.co/j9RW6Or9j7",TRUE,"<a href=""http://twitter.com/download/iphone"" rel=""nofollow"">Twitter for iPhone</a>","x1431023646240169986","x780551700432117760","StarTrek_Lt",,,,FALSE,0,0,FALSE,FALSE,"en",,
2021-08-26 23:16:50,"x1431032921863847936","@StarTrek_Lt @val_the_narwhal For me the hot takes are part of the fun - let‚Äôs have a silly lighthearted fight over it!",FALSE,"<a href=""http://twitter.com/download/iphone"" rel=""nofollow"">Twitter for iPhone</a>","x1431029486720409603","x780551700432117760","StarTrek_Lt",,,,FALSE,0,1,FALSE,FALSE,"en",,
2021-08-26 23:03:40,"x1431029608862732291","@StarTrek_Lt @val_the_narwhal I'd like to know too. When I first wrote https://t.co/m7jhqm4jWT a couple years ago,‚Ä¶ https://t.co/EeAKDD8cXr",TRUE,"<a href=""https://mobile.twitter.com"" rel=""nofollow"">Twitter Web App</a>","x1431022961302011905","x780551700432117760","StarTrek_Lt",,,,FALSE,2,30,FALSE,FALSE,"en",FALSE,
2021-08-26 23:00:39,"x1431028851136626688","@StarTrek_Lt @val_the_narwhal I mostly like tidyverse because you can do basically anything with it without having‚Ä¶ https://t.co/NIH4pFmgpY",TRUE,"<a href=""http://twitter.com/download/iphone"" rel=""nofollow"">Twitter for iPhone</a>","x1431027942306443266","x1145574850448089088","SimonvBaal",,,,FALSE,0,2,TRUE,FALSE,"en",,
2021-08-26 22:57:03,"x1431027942306443266","@StarTrek_Lt @val_the_narwhal Generally people get extremely annoyed with tidyverse fans because they see tidyverse‚Ä¶ https://t.co/nqtuFPlDJZ",TRUE,"<a href=""http://twitter.com/download/iphone"" rel=""nofollow"">Twitter for iPhone</a>","x1431022961302011905","x780551700432117760","StarTrek_Lt",,,,FALSE,0,3,TRUE,FALSE,"en",,
2021-08-26 22:44:24,"x1431024760243302403","@StarTrek_Lt If you learned tidyverse first I can totally see how it would be easier than base R! I learned base R‚Ä¶ https://t.co/yge6XhQlMI",TRUE,"<a href=""http://twitter.com/download/android"" rel=""nofollow"">Twitter for Android</a>","x1431022961302011905","x780551700432117760","StarTrek_Lt",,,,FALSE,0,0,FALSE,FALSE,"en",,
2021-08-26 21:09:14,"x1431000810041880584","@StarTrek_Lt I love it! As soon as I show up to the set tomorrow...",FALSE,"<a href=""http://twitter.com/download/android"" rel=""nofollow"">Twitter for Android</a>","x1430999988465651714","x780551700432117760","StarTrek_Lt",,,,FALSE,0,1,TRUE,FALSE,"en",,
2021-08-26 20:36:59,"x1430992692339740674","@StarTrek_Lt Lol I could do that - every episode I'd rant about some period of history while baking and messing it‚Ä¶ https://t.co/CrTgTBRHkv",TRUE,"<a href=""http://twitter.com/download/android"" rel=""nofollow"">Twitter for Android</a>","x1430991783744348163","x780551700432117760","StarTrek_Lt",,,,FALSE,0,1,TRUE,FALSE,"en",,
2021-08-26 17:25:03,"x1430944394140598272","@StarTrek_Lt That would be a really cool project.",FALSE,"<a href=""http://twitter.com/download/iphone"" rel=""nofollow"">Twitter for iPhone</a>","x1430943866744492037","x780551700432117760","StarTrek_Lt",,,,FALSE,0,0,FALSE,FALSE,"en",,
2021-08-26 17:20:12,"x1430943173078142977","@StarTrek_Lt I believe it. 
Sadly anyone listening into my place would be terribly bored.",FALSE,"<a href=""http://twitter.com/download/iphone"" rel=""nofollow"">Twitter for iPhone</a>","x1430941096612270083","x780551700432117760","StarTrek_Lt",,,,FALSE,0,0,FALSE,FALSE,"en",,
2021-08-26 01:47:31,"x1430708455426383873","@StarTrek_Lt This looks awesome!! Love the picture of the lemur in the corner",FALSE,"<a href=""http://twitter.com/download/iphone"" rel=""nofollow"">Twitter for iPhone</a>","x1430708295749103618","x780551700432117760","StarTrek_Lt",,,,FALSE,0,1,TRUE,FALSE,"en",,
2021-08-25 23:23:47,"x1430672281219440644","@StarTrek_Lt All help is welcomed :)",FALSE,"<a href=""https://mobile.twitter.com"" rel=""nofollow"">Twitter Web App</a>","x1430669996993126401","x780551700432117760","StarTrek_Lt",,,,FALSE,0,0,FALSE,FALSE,"en",,
2021-08-25 23:20:13,"x1430671385353854977","@StarTrek_Lt Hahaha, yeah, I don't think you can help me :(. I need to test this in clusters with Slurm (‚Ä¶ https://t.co/TLEAUpZCzw",TRUE,"<a href=""https://mobile.twitter.com"" rel=""nofollow"">Twitter Web App</a>","x1430669511548575745","x780551700432117760","StarTrek_Lt",,,,FALSE,0,1,TRUE,FALSE,"en",FALSE,
2021-08-25 23:09:56,"x1430668798235865091","@StarTrek_Lt Great! Do you have a Slurm cluster available?",FALSE,"<a href=""https://mobile.twitter.com"" rel=""nofollow"">Twitter Web App</a>","x1430663875553157120","x780551700432117760","StarTrek_Lt",,,,FALSE,0,0,FALSE,FALSE,"en",,
2021-08-25 22:20:52,"x1430656447298392065","@StarTrek_Lt Oh! Joining now‚Ä¶.",FALSE,"<a href=""http://twitter.com/download/iphone"" rel=""nofollow"">Twitter for iPhone</a>","x1430655924457263106","x780551700432117760","StarTrek_Lt",,,,FALSE,0,1,TRUE,FALSE,"en",,
2021-08-25 22:17:23,"x1430655572433592320","@StarTrek_Lt Recently had a question closed by a ‚Äòhigh rep user‚Äô because ‚Äònot able to replicate‚Äô but the data was a‚Ä¶ https://t.co/54LHzw37Oi",TRUE,"<a href=""http://twitter.com/download/iphone"" rel=""nofollow"">Twitter for iPhone</a>","x1430654455893032963","x780551700432117760","StarTrek_Lt",,,,FALSE,0,1,FALSE,FALSE,"en",,
2021-08-25 20:02:22,"x1430621596083834880","@StarTrek_Lt https://t.co/hmjG0dG19x",FALSE,"<a href=""https://mobile.twitter.com"" rel=""nofollow"">Twitter Web App</a>","x1430621333856030720","x780551700432117760","StarTrek_Lt",,,,FALSE,0,1,TRUE,FALSE,"und",FALSE,
2021-08-25 19:52:17,"x1430619059012489223","@StarTrek_Lt !!!!!! THIS!",FALSE,"<a href=""https://mobile.twitter.com"" rel=""nofollow"">Twitter Web App</a>","x1430618809019211776","x780551700432117760","StarTrek_Lt",,,,FALSE,0,1,TRUE,FALSE,"en",,
2021-08-25 19:48:28,"x1430618096444665857","@StarTrek_Lt https://t.co/0ZjZlzV5Wk",FALSE,"<a href=""http://twitter.com/download/iphone"" rel=""nofollow"">Twitter for iPhone</a>","x1430612459627302912","x780551700432117760","StarTrek_Lt",,,,FALSE,0,0,FALSE,FALSE,"und",FALSE,
2021-08-25 19:30:44,"x1430613634602971141","@StarTrek_Lt @CodeNewbies It's the ""full package"" all inclusive.",FALSE,"<a href=""https://mobile.twitter.com"" rel=""nofollow"">Twitter Web App</a>","x1430611248819834882","x780551700432117760","StarTrek_Lt",,,,FALSE,0,0,FALSE,FALSE,"en",,
2021-08-25 19:22:03,"x1430611448053567497","@StarTrek_Lt What's the name of the site you use to generate these images? I'm totally blanking",FALSE,"<a href=""http://twitter.com/download/android"" rel=""nofollow"">Twitter for Android</a>","x1430561337461985280","x780551700432117760","StarTrek_Lt",,,,FALSE,0,0,FALSE,FALSE,"en",,
2021-08-25 19:22:01,"x1430611441237831690","@StarTrek_Lt @jessdkant same! case_when() is the best :)",FALSE,"<a href=""https://mobile.twitter.com"" rel=""nofollow"">Twitter Web App</a>","x1430611042208346113","x780551700432117760","StarTrek_Lt",,,,FALSE,0,2,TRUE,FALSE,"en",,
2021-08-25 19:20:48,"x1430611134210617347","@StarTrek_Lt @jaquelynjahn Jackie's an actual sorceress",FALSE,"<a href=""http://twitter.com/download/android"" rel=""nofollow"">Twitter for Android</a>","x1430611042208346113","x780551700432117760","StarTrek_Lt",,,,FALSE,0,2,TRUE,FALSE,"en",,
2021-08-25 19:19:38,"x1430610838705119232","@StarTrek_Lt Yup, @jaquelynjahn taught me this and it changed my life",FALSE,"<a href=""http://twitter.com/download/android"" rel=""nofollow"">Twitter for Android</a>","x1430561337461985280","x780551700432117760","StarTrek_Lt",,,,FALSE,0,3,TRUE,FALSE,"en",,
2021-08-25 17:49:30,"x1430588157280587779","@StarTrek_Lt Count is awesome, definitely one of my frequently used and favorite functions üòä https://t.co/mC7wl7HFxY",FALSE,"<a href=""http://twitter.com/download/android"" rel=""nofollow"">Twitter for Android</a>","x1430562357072207874","x780551700432117760","StarTrek_Lt",,,,FALSE,0,2,TRUE,FALSE,"en",FALSE,
2021-08-25 17:08:16,"x1430577781147045895","@StarTrek_Lt @rstats4ds case_when() is amazing. Having the case_when() in a subset() command is also a very smooth solution.",FALSE,"<a href=""https://mobile.twitter.com"" rel=""nofollow"">Twitter Web App</a>","x1430561337461985280","x780551700432117760","StarTrek_Lt",,,,FALSE,0,1,TRUE,FALSE,"en",,
2021-08-25 16:08:00,"x1430562612425670661","@StarTrek_Lt It's awesome for clarity, and it's also very strict about type consistency! For example, if you want t‚Ä¶ https://t.co/fOwaGaQuZ3",TRUE,"<a href=""https://mobile.twitter.com"" rel=""nofollow"">Twitter Web App</a>","x1430561337461985280","x780551700432117760","StarTrek_Lt",,,,FALSE,0,1,TRUE,FALSE,"en",,
2021-08-25 13:31:54,"x1430523332147957767","@StarTrek_Lt Having great friends and followers like you makes what I do so much more fun and rewarding so thank you!!",FALSE,"<a href=""http://twitter.com/download/iphone"" rel=""nofollow"">Twitter for iPhone</a>","x1430513610275524611","x780551700432117760","StarTrek_Lt",,,,FALSE,0,1,TRUE,FALSE,"en",,
2021-08-25 06:08:21,"x1430411705880825858","@StarTrek_Lt Agreed, for me, I think it's more that, yes, the effects are known, but, for every person they present‚Ä¶ https://t.co/WzwjyPKTI3",TRUE,"<a href=""http://twitter.com/download/android"" rel=""nofollow"">Twitter for Android</a>","x1430362775386091525","x780551700432117760","StarTrek_Lt",,,,FALSE,0,1,TRUE,FALSE,"en",,
2021-08-25 02:25:12,"x1430355547996540928","@StarTrek_Lt @icymi_r Wow weird.... ü§î
I'll take a look when I get home (in a couple of days)",FALSE,"<a href=""http://twitter.com/download/android"" rel=""nofollow"">Twitter for Android</a>","x1430355096991244299","x780551700432117760","StarTrek_Lt",,,,FALSE,0,0,FALSE,FALSE,"en",,
2021-08-25 02:22:05,"x1430354764949336069","@StarTrek_Lt @icymi_r |&gt; is the new native pipe operator.
You can load {dplyr} and replace it with %&gt;% and it should work (:",FALSE,"<a href=""http://twitter.com/download/android"" rel=""nofollow"">Twitter for Android</a>","x1430354091067146241","x780551700432117760","StarTrek_Lt",,,,FALSE,0,0,FALSE,FALSE,"en",,
2021-08-25 02:16:17,"x1430353306510110720","@StarTrek_Lt @icymi_r Are you using R 4.1?",FALSE,"<a href=""http://twitter.com/download/android"" rel=""nofollow"">Twitter for Android</a>","x1430342521851285508","x780551700432117760","StarTrek_Lt",,,,FALSE,0,0,FALSE,FALSE,"en",,
2021-08-24 23:57:17,"x1430318324668379137","@StarTrek_Lt @CaulfieldTim @RichMendezCNBC @mvankerkhove Kremlin trolls.",FALSE,"<a href=""https://mobile.twitter.com"" rel=""nofollow"">Twitter Web App</a>","x1430284946090827782","x780551700432117760","StarTrek_Lt",,,,FALSE,0,0,FALSE,FALSE,"de",,
2021-08-24 21:27:56,"x1430280741707997187","@StarTrek_Lt @simonw I soon after that became a convert to ‚Äúleaving the system Python the heck alone‚Äù and installin‚Ä¶ https://t.co/1CNEQooAyr",TRUE,"<a href=""http://twitter.com/download/iphone"" rel=""nofollow"">Twitter for iPhone</a>","x1430280000725561345","x174312391","HEPfeickert",,,,FALSE,0,0,FALSE,FALSE,"en",,
2021-08-24 21:25:00,"x1430280000725561345","@StarTrek_Lt @simonw As a young Ph.D. student I also had the ‚Äúbright‚Äù idea to override what lived at /usr/bin/pytho‚Ä¶ https://t.co/7YsCkCS2n0",TRUE,"<a href=""http://twitter.com/download/iphone"" rel=""nofollow"">Twitter for iPhone</a>","x1430276368483328006","x780551700432117760","StarTrek_Lt",,,,FALSE,0,0,FALSE,FALSE,"en",,
2021-08-24 21:08:10,"x1430275767485702144","@StarTrek_Lt @aflyax @py_data_sci @simonw I will read this. https://t.co/xNsvgQKJEm",FALSE,"<a href=""https://mobile.twitter.com"" rel=""nofollow"">Twitter Web App</a>","x1430275249514246154","x780551700432117760","StarTrek_Lt",,,,FALSE,0,0,FALSE,FALSE,"en",FALSE,
2021-08-24 21:07:15,"x1430275535364521987","@StarTrek_Lt @aflyax @py_data_sci @simonw Thanks a lot. Will check tomorrow.",FALSE,"<a href=""https://mobile.twitter.com"" rel=""nofollow"">Twitter Web App</a>","x1430275249514246154","x780551700432117760","StarTrek_Lt",,,,FALSE,0,0,FALSE,FALSE,"en",,
2021-08-24 21:06:36,"x1430275372134793216","@StarTrek_Lt @aflyax @py_data_sci @simonw OK, I am gonna get the book, Statistical Data Cleaning Applications with R.",FALSE,"<a href=""https://mobile.twitter.com"" rel=""nofollow"">Twitter Web App</a>","x1430274306357927936","x780551700432117760","StarTrek_Lt",,,,FALSE,0,1,TRUE,FALSE,"en",,
2021-08-24 21:03:51,"x1430274680988962816","@StarTrek_Lt @aflyax @py_data_sci @simonw Thank you.",FALSE,"<a href=""https://mobile.twitter.com"" rel=""nofollow"">Twitter Web App</a>","x1430274306357927936","x780551700432117760","StarTrek_Lt",,,,FALSE,0,1,TRUE,FALSE,"en",,
2021-08-24 16:47:59,"x1430210287429464067","@StarTrek_Lt I'm trying to up my video quality with better fonts. Mind sharing which videos you are referring to?",FALSE,"<a href=""https://mobile.twitter.com"" rel=""nofollow"">Twitter Web App</a>","x1430194562824216578","x780551700432117760","StarTrek_Lt",,,,FALSE,0,0,FALSE,FALSE,"en",,
2021-08-24 15:14:25,"x1430186742158700546","@StarTrek_Lt haha thank you!",FALSE,"<a href=""https://mobile.twitter.com"" rel=""nofollow"">Twitter Web App</a>","x1430186024332939269","x780551700432117760","StarTrek_Lt",,,,FALSE,0,0,FALSE,FALSE,"en",,
2021-08-23 21:23:24,"x1429917210026418181","@StarTrek_Lt But make sure you're comfortable with manager/team before accepting role.

Whether it's ""worth it"" to‚Ä¶ https://t.co/0dHbuGU8jw",TRUE,"<a href=""https://mobile.twitter.com"" rel=""nofollow"">Twitter Web App</a>","x1429916885710159873","x2343198944","BecomingDataSci",,,,FALSE,0,1,TRUE,FALSE,"en",,
2021-08-23 21:22:06,"x1429916885710159873","@StarTrek_Lt There are places where these problems are less prevalent (you can ask women on the teams to see if the‚Ä¶ https://t.co/E7lNGxvLKt",TRUE,"<a href=""https://mobile.twitter.com"" rel=""nofollow"">Twitter Web App</a>","x1428781810289233924","x780551700432117760","StarTrek_Lt",,,,FALSE,0,1,TRUE,FALSE,"en",,
2021-08-22 17:29:20,"x1429495919737806851","@StarTrek_Lt @ChaseTMAnderson @cjstreed @patitsel Ah yes, the census data i don't exist on...",FALSE,"<a href=""http://twitter.com/download/android"" rel=""nofollow"">Twitter for Android</a>","x1429493713143668736","x780551700432117760","StarTrek_Lt",,,,FALSE,0,0,FALSE,FALSE,"en",,
2021-08-22 00:58:56,"x1429246675852283907","@StarTrek_Lt @gableingaround @skyetetra you‚Äôre almost certainly undervaluing yourself. common rules of thumb are to‚Ä¶ https://t.co/nl5M29TZ3e",TRUE,"<a href=""http://twitter.com/download/iphone"" rel=""nofollow"">Twitter for iPhone</a>","x1428799108303572992","x780551700432117760","StarTrek_Lt",,,,FALSE,0,0,FALSE,FALSE,"en",,
2021-08-21 15:50:08,"x1429108566258946048","@deathlyducky @JayIsPainting @till_living @fabledub @frempireak @DavidGoldingay @CWFunerals @DeathnBiscuits‚Ä¶ https://t.co/NjIGOg47MJ",TRUE,"<a href=""http://twitter.com/download/android"" rel=""nofollow"">Twitter for Android</a>","x1429091761817751563","x1098674784366354432","deathlyducky",,,,FALSE,0,2,FALSE,FALSE,"und",,
2021-08-21 14:50:19,"x1429093512247746563","@Jas_Hughes @StarTrek_Lt @natematias @camillonnnn pour les stickers",FALSE,"<a href=""http://twitter.com/download/iphone"" rel=""nofollow"">Twitter for iPhone</a>","x1428097713023844363","x2300329224","Jas_Hughes",,,,FALSE,0,0,FALSE,FALSE,"fr",,
2021-08-21 14:43:21,"x1429091761817751563","Thank-you for your üîÅüí¨‚Äòs. You are awesome: @JayIsPainting @till_living @fabledub @frempireak @DavidGoldingay‚Ä¶ https://t.co/owWLbrqjTg",TRUE,"<a href=""http://twitter.com/download/iphone"" rel=""nofollow"">Twitter for iPhone</a>",,,,,,,FALSE,0,8,FALSE,FALSE,"en",,
2021-08-21 09:58:52,"x1429020166667608069","@StarTrek_Lt Interesting. Thanks for this. What did you use as your data source? Amnesty?",FALSE,"<a href=""http://twitter.com/download/iphone"" rel=""nofollow"">Twitter for iPhone</a>","x1428184585020403716","x780551700432117760","StarTrek_Lt",,,,FALSE,0,0,FALSE,FALSE,"en",,
2021-08-21 03:23:46,"x1428920735892967429","@StarTrek_Lt https://t.co/gxS5JnXqxa",FALSE,"<a href=""http://twitter.com/download/iphone"" rel=""nofollow"">Twitter for iPhone</a>","x1428872673870770180","x780551700432117760","StarTrek_Lt",,,,FALSE,0,0,FALSE,FALSE,"und",FALSE,
2021-08-21 02:57:17,"x1428914071533932544","@StarTrek_Lt @BecomingDataSci You should be a Data Engineer. The need for them are much greater. We have to break t‚Ä¶ https://t.co/EmbvX5fWWG",TRUE,"<a href=""http://twitter.com/download/android"" rel=""nofollow"">Twitter for Android</a>","x1428781810289233924","x780551700432117760","StarTrek_Lt",,,,FALSE,0,1,TRUE,FALSE,"en",,
2021-08-21 01:20:00,"x1428889591747055618","@StarTrek_Lt @skyetetra But if they value this work and getting their money worth?üòâ
In my experience not as a data‚Ä¶ https://t.co/8AbeEEY0PL",TRUE,"<a href=""http://twitter.com/download/iphone"" rel=""nofollow"">Twitter for iPhone</a>","x1428885484084744196","x780551700432117760","StarTrek_Lt",,,,FALSE,0,0,FALSE,FALSE,"en",,
2021-08-21 00:58:44,"x1428884239559311365","@StarTrek_Lt @skyetetra ‚ÄúIf job is to make chart from CSV‚Äù‚Ä¶ https://t.co/wDK2KZjumR",FALSE,"<a href=""http://twitter.com/download/iphone"" rel=""nofollow"">Twitter for iPhone</a>","x1428786436656951298","x780551700432117760","StarTrek_Lt",,,,FALSE,0,0,FALSE,FALSE,"en",FALSE,
2021-08-21 00:01:14,"x1428869766500995072","@StarTrek_Lt Not my cup of tea but memory association's a funny thing.",FALSE,"<a href=""https://mobile.twitter.com"" rel=""nofollow"">Twitter Web App</a>","x1428869436203671552","x780551700432117760","StarTrek_Lt",,,,FALSE,0,0,FALSE,FALSE,"en",,
2021-08-20 23:30:41,"x1428862079499481090","@StarTrek_Lt @drob @juliasilge @moriah_taylor58 @RyanMarino @CaulfieldTim @charliejhadley @hadleywickham My pet pee‚Ä¶ https://t.co/HWiDgAmvro",TRUE,"<a href=""http://twitter.com/download/iphone"" rel=""nofollow"">Twitter for iPhone</a>","x1428780602279354375","x780551700432117760","StarTrek_Lt",,,,FALSE,0,6,TRUE,FALSE,"en",,
2021-08-20 23:04:09,"x1428855401043345414","@StarTrek_Lt @anders_elias @rstatstweet @OpenTopography Apparently OpenTopography, released a Jupyter notebook. Hav‚Ä¶ https://t.co/mrDji1Ic4Z",TRUE,"<a href=""http://twitter.com/download/iphone"" rel=""nofollow"">Twitter for iPhone</a>","x1428831741662306308","x780551700432117760","StarTrek_Lt",,,,TRUE,1,3,TRUE,FALSE,"en",FALSE,"x1427979090146037760"
2021-08-20 19:17:36,"x1428798391337689091","@StarTrek_Lt @skyetetra I‚Äôd reposition this as opportunity cost. Your time is your time, what else could you be doi‚Ä¶ https://t.co/Mz7dNkRpPg",TRUE,"<a href=""http://twitter.com/download/iphone"" rel=""nofollow"">Twitter for iPhone</a>","x1428786436656951298","x780551700432117760","StarTrek_Lt",,,,FALSE,0,0,FALSE,FALSE,"en",,
2021-08-20 18:27:03,"x1428785668738543617","@StarTrek_Lt Oh I don't want to argue I am just curious why $100 feels too high. Like, what are the things that dri‚Ä¶ https://t.co/RoaGxulhpv",TRUE,"<a href=""https://mobile.twitter.com"" rel=""nofollow"">Twitter Web App</a>","x1428784677066731526","x780551700432117760","StarTrek_Lt",,,,FALSE,0,0,FALSE,FALSE,"en",,
2021-08-20 18:21:02,"x1428784152304766979","@StarTrek_Lt Why is it too much?",FALSE,"<a href=""https://mobile.twitter.com"" rel=""nofollow"">Twitter Web App</a>","x1428782705299255296","x780551700432117760","StarTrek_Lt",,,,FALSE,0,0,FALSE,FALSE,"en",,
2021-08-20 17:50:07,"x1428776373104095237","@StarTrek_Lt This is awesome! Very thorough. Love all the style of all of the visualizations.",FALSE,"<a href=""https://mobile.twitter.com"" rel=""nofollow"">Twitter Web App</a>","x1428773522231287809","x780551700432117760","StarTrek_Lt",,,,FALSE,0,1,TRUE,FALSE,"en",,
2021-08-20 17:36:09,"x1428772859598577665","@StarTrek_Lt That's okay! haha. I look forward to anything you end up creating from the Star Trek data!",FALSE,"<a href=""https://mobile.twitter.com"" rel=""nofollow"">Twitter Web App</a>","x1428769828744011777","x780551700432117760","StarTrek_Lt",,,,FALSE,0,1,TRUE,FALSE,"en",,
2021-08-20 17:19:47,"x1428768738631950336","@StarTrek_Lt I just learned about the {see} package recently. Not sure if you've heard of it but it looks very intriguing.",FALSE,"<a href=""https://mobile.twitter.com"" rel=""nofollow"">Twitter Web App</a>","x1428768136765919232","x780551700432117760","StarTrek_Lt",,,,FALSE,0,2,TRUE,FALSE,"en",,
2021-08-20 17:17:20,"x1428768121859592192","@StarTrek_Lt @CoVaRR_Net @CIHR_IRSC üòÖ My friend, I am NOT proficient in CompBio, I mostly run packages that people‚Ä¶ https://t.co/Nye2GPJkTi",TRUE,"<a href=""http://twitter.com/download/iphone"" rel=""nofollow"">Twitter for iPhone</a>","x1428764891867844612","x780551700432117760","StarTrek_Lt",,,,FALSE,0,1,TRUE,FALSE,"en",,
2021-08-20 17:07:27,"x1428765637413851136","@StarTrek_Lt Hi Zane!",FALSE,"<a href=""https://about.twitter.com/products/tweetdeck"" rel=""nofollow"">TweetDeck</a>","x1428764562782785540","x780551700432117760","StarTrek_Lt",,,,FALSE,0,1,TRUE,FALSE,"und",,
2021-08-20 17:05:13,"x1428765073565274127","@StarTrek_Lt @PVDimens @SaintZainn 1.0 was released in 2018",FALSE,"<a href=""https://mobile.twitter.com"" rel=""nofollow"">Twitter Web App</a>","x1428747945759760384","x780551700432117760","StarTrek_Lt",,,,FALSE,0,2,FALSE,FALSE,"en",,
2021-08-20 15:50:37,"x1428746302200770562","@StarTrek_Lt @SaintZainn It was supposed to take over when the language was just about released?",FALSE,"<a href=""http://twitter.com/download/android"" rel=""nofollow"">Twitter for Android</a>","x1428741696813031428","x780551700432117760","StarTrek_Lt",,,,FALSE,0,1,FALSE,FALSE,"en",,
2021-08-20 13:58:38,"x1428718120361816068","@StarTrek_Lt @asist_org @IFLASTL I hope the material will be useful to you!",FALSE,"<a href=""http://twitter.com/download/iphone"" rel=""nofollow"">Twitter for iPhone</a>","x1428714565701836800","x780551700432117760","StarTrek_Lt",,,,FALSE,0,1,TRUE,FALSE,"en",,
2021-08-20 06:10:41,"x1428600354988609536","@StarTrek_Lt @dusadrian Awesome, glad it helped! :)",FALSE,"<a href=""https://mobile.twitter.com"" rel=""nofollow"">Twitter Web App</a>","x1428425555297280001","x780551700432117760","StarTrek_Lt",,,,FALSE,0,0,FALSE,FALSE,"en",,
2021-08-20 02:57:05,"x1428551634087469058","@StarTrek_Lt @R4DScommunity forcats::fct_reorder() is very helpful!",FALSE,"<a href=""http://twitter.com/download/iphone"" rel=""nofollow"">Twitter for iPhone</a>","x1428482858675408900","x780551700432117760","StarTrek_Lt",,,,FALSE,0,1,TRUE,FALSE,"en",,
2021-08-20 02:15:38,"x1428541201720832011","@StarTrek_Lt @rstudio @UNSWScience @jfsloane @TehillaOst @jrfep @CharEvePage But look how far you have come! :)",FALSE,"<a href=""https://mobile.twitter.com"" rel=""nofollow"">Twitter Web App</a>","x1428533910527377409","x780551700432117760","StarTrek_Lt",,,,FALSE,0,1,TRUE,FALSE,"en",,
2021-08-19 21:05:35,"x1428463176841060362","@StarTrek_Lt That is a typical road in northern Ontario in the summer. Backed up for miles as we await the green pa‚Ä¶ https://t.co/2axMzscAjG",TRUE,"<a href=""https://mobile.twitter.com"" rel=""nofollow"">Twitter Web App</a>","x1428339553366990854","x780551700432117760","StarTrek_Lt",,,,FALSE,0,0,FALSE,FALSE,"en",,
2021-08-19 19:33:06,"x1428439903977844743","@StarTrek_Lt Reticulate is great. You can combine R and Python on the same line to do some really cool stuff. I use‚Ä¶ https://t.co/TOMKGuq5cx",TRUE,"<a href=""https://mobile.twitter.com"" rel=""nofollow"">Twitter Web App</a>","x1428438851295408133","x780551700432117760","StarTrek_Lt",,,,FALSE,0,0,FALSE,FALSE,"en",,
2021-08-19 19:19:13,"x1428436410525130754","@marnipanas @StarTrek_Lt This is my concern too üòî",FALSE,"<a href=""http://twitter.com/download/iphone"" rel=""nofollow"">Twitter for iPhone</a>","x1428389613408751617","x211721267","marnipanas",,,,FALSE,0,1,FALSE,FALSE,"en",,
2021-08-19 17:23:19,"x1428407241879789568","@moriah_taylor58 @StarTrek_Lt And don't forget to periodically check out the streamRs calendar! I have baked in aut‚Ä¶ https://t.co/opCLH46IWg",TRUE,"<a href=""https://mobile.twitter.com"" rel=""nofollow"">Twitter Web App</a>","x1428403934113243138","x1354848762561224707","moriah_taylor58",,,,FALSE,1,3,TRUE,FALSE,"en",FALSE,
2021-08-19 17:10:11,"x1428403934113243138","@StarTrek_Lt I‚Äôll tweet again when the stream opens up around 6:20pm EST!",FALSE,"<a href=""http://twitter.com/download/iphone"" rel=""nofollow"">Twitter for iPhone</a>","x1428402255556792324","x780551700432117760","StarTrek_Lt",,,,FALSE,0,1,TRUE,FALSE,"en",,
2021-08-19 17:05:25,"x1428402738380034054","@StarTrek_Lt @Shel_Kariuki @AUYouthProgram @gijnAfrica @hotosm @ALC_KCL @ESSA_Africa @csea_afric @networkfordata‚Ä¶ https://t.co/uu8lMBPdlL",TRUE,"<a href=""https://mobile.twitter.com"" rel=""nofollow"">Twitter Web App</a>","x1428340631982600199","x780551700432117760","StarTrek_Lt",,,,FALSE,1,2,FALSE,FALSE,"en",FALSE,
2021-08-19 16:13:16,"x1428389613408751617","@StarTrek_Lt Something tells me this group isn't exactly entirely LGBs.  I can't help but wonder how many cis-heter‚Ä¶ https://t.co/LKQ4kQ0kKe",TRUE,"<a href=""https://mobile.twitter.com"" rel=""nofollow"">Twitter Web App</a>","x1428388730801311749","x780551700432117760","StarTrek_Lt",,,,FALSE,0,4,FALSE,FALSE,"en",,
2021-08-19 16:08:33,"x1428388427620311041","@StarTrek_Lt Nope just a random pic I took while my wife was on the computer. Then I kicked them out üòÖ",FALSE,"<a href=""http://twitter.com/download/android"" rel=""nofollow"">Twitter for Android</a>","x1428387550205419523","x780551700432117760","StarTrek_Lt",,,,FALSE,0,0,FALSE,FALSE,"en",,
2021-08-19 14:03:47,"x1428357026044792836","@StarTrek_Lt Oh wow this is so cool! üòç",FALSE,"<a href=""http://twitter.com/download/android"" rel=""nofollow"">Twitter for Android</a>","x1428344322139717634","x780551700432117760","StarTrek_Lt",,,,FALSE,0,1,TRUE,FALSE,"en",,
2021-08-19 13:46:35,"x1428352698777104399","@StarTrek_Lt Might be easier to list ones who don't.

(Was definitely fun being in the front row of a show when the‚Ä¶ https://t.co/9LW8x4Muw6",TRUE,"<a href=""http://twitter.com/download/android"" rel=""nofollow"">Twitter for Android</a>","x1428341779837841419","x780551700432117760","StarTrek_Lt",,,,FALSE,0,0,FALSE,FALSE,"en",,
2021-08-19 12:19:16,"x1428330723484778500","@StarTrek_Lt Ohh you are super right! ! Gonna start putting more ‚ù§Ô∏è‚Äçüî•üî• on my tweets about torch. GitHub preview ima‚Ä¶ https://t.co/kYxteLdtrU",TRUE,"<a href=""https://mobile.twitter.com"" rel=""nofollow"">Twitter Web App</a>","x1428117015835803653","x780551700432117760","StarTrek_Lt",,,,FALSE,0,1,TRUE,FALSE,"en",FALSE,
2021-08-19 07:51:23,"x1428263308390506497","@StarTrek_Lt üôå Ah! Thank you. I've added install.packages() now. Mostly I wanted to play with {multicolor} after le‚Ä¶ https://t.co/vRQVr4WgSA",TRUE,"<a href=""https://mobile.twitter.com"" rel=""nofollow"">Twitter Web App</a>","x1428137561600315400","x780551700432117760","StarTrek_Lt",,,,TRUE,0,1,TRUE,FALSE,"en",FALSE,"x1427429455409070090"
2021-08-19 07:50:26,"x1428263068463779844","@StarTrek_Lt @CedScherer thanks for the feedback!",FALSE,"<a href=""https://mobile.twitter.com"" rel=""nofollow"">Twitter Web App</a>","x1428015673666457602","x780551700432117760","StarTrek_Lt",,,,FALSE,0,1,TRUE,FALSE,"en",,
2021-08-19 05:31:14,"x1428228039079600131","@StarTrek_Lt @tylergjames_ Thanks a lot for recommending my tutorials! :)",FALSE,"<a href=""https://mobile.twitter.com"" rel=""nofollow"">Twitter Web App</a>","x1428116470987251712","x780551700432117760","StarTrek_Lt",,,,FALSE,0,2,TRUE,FALSE,"en",,
2021-08-19 02:59:48,"x1428189930103066626","@StarTrek_Lt @deathlyducky @ElsevierArchaeo @socarxiv @benmarwick Thank you!",FALSE,"<a href=""http://twitter.com/download/iphone"" rel=""nofollow"">Twitter for iPhone</a>","x1428154592433377282","x780551700432117760","StarTrek_Lt",,,,FALSE,0,3,TRUE,FALSE,"en",,
2021-08-19 01:53:46,"x1428173313751363588","@StarTrek_Lt @cassidoo Unicode",FALSE,"<a href=""http://twitter.com/download/android"" rel=""nofollow"">Twitter for Android</a>","x1428172257117937664","x780551700432117760","StarTrek_Lt",,,,FALSE,0,2,TRUE,FALSE,"fr",,
2021-08-19 00:28:46,"x1428151920397414405","@StarTrek_Lt @LiyingWang10 @ElsevierArchaeo @socarxiv @benmarwick Omigosh, I love relational data studies!",FALSE,"<a href=""http://twitter.com/download/iphone"" rel=""nofollow"">Twitter for iPhone</a>","x1428135420362039301","x780551700432117760","StarTrek_Lt",,,,FALSE,0,2,TRUE,FALSE,"en",,
2021-08-19 00:20:09,"x1428149751111819264","@StarTrek_Lt Sorry- support dark mode was on our to do list but didn‚Äôt make it in this release. Feel free to upvote‚Ä¶ https://t.co/bEhoNQsnmd",TRUE,"<a href=""https://mobile.twitter.com"" rel=""nofollow"">Twitter Web App</a>","x1428120562102980611","x780551700432117760","StarTrek_Lt",,,,FALSE,0,2,TRUE,FALSE,"en",FALSE,
2021-08-18 23:24:54,"x1428135849292668930","@StarTrek_Lt @TheSTEMvillage @PennStateBio @BMB_PSU @PSUScience @PennStateLGBTQ Yes it is! We used a very similar o‚Ä¶ https://t.co/cCMDw4tJwi",TRUE,"<a href=""https://mobile.twitter.com"" rel=""nofollow"">Twitter Web App</a>","x1428122036438634499","x780551700432117760","StarTrek_Lt",,,,FALSE,0,0,FALSE,FALSE,"en",,
2021-08-18 22:06:13,"x1428116048499273732","@StarTrek_Lt &lt;3 All of thattttt",FALSE,"<a href=""https://mobile.twitter.com"" rel=""nofollow"">Twitter Web App</a>","x1428115241859096581","x780551700432117760","StarTrek_Lt",,,,FALSE,0,2,TRUE,FALSE,"en",,
2021-08-18 20:53:22,"x1428097713023844363","@StarTrek_Lt @natematias From RStudio Conference and other conferences where RStudio or other R developers were pre‚Ä¶ https://t.co/4mWrEuznNp",TRUE,"<a href=""http://twitter.com/download/android"" rel=""nofollow"">Twitter for Android</a>","x1428095238912897026","x780551700432117760","StarTrek_Lt",,,,FALSE,0,6,FALSE,FALSE,"en",FALSE,
2021-08-18 15:45:54,"x1428020336365346830","@fast_read @StarTrek_Lt Did not expect that",FALSE,"<a href=""https://mobile.twitter.com"" rel=""nofollow"">Twitter Web App</a>","x1428019164053127168","x1277496758424272901","fast_read",,,,FALSE,0,0,FALSE,FALSE,"en",,
2021-08-18 15:41:14,"x1428019164053127168","@StarTrek_Lt @ScaredCharlotte That‚Äôs why I wrote this book: https://t.co/7FWSGnFd2G",FALSE,"<a href=""http://twitter.com/#!/download/ipad"" rel=""nofollow"">Twitter for iPad</a>","x1427995456454348806","x780551700432117760","StarTrek_Lt",,,,FALSE,0,0,FALSE,FALSE,"en",FALSE,
2021-08-18 15:06:34,"x1428010440911593480","@StarTrek_Lt @R4DScommunity @jarrahpenguin @StarTrek Oooooo I like the color pallet of this ..",FALSE,"<a href=""http://twitter.com/download/iphone"" rel=""nofollow"">Twitter for iPhone</a>","x1427727583894851586","x780551700432117760","StarTrek_Lt",,,,FALSE,0,2,TRUE,FALSE,"en",,
2021-08-18 14:27:53,"x1428000704069869572","@StarTrek_Lt That sounds 100% fair!",FALSE,"<a href=""https://mobile.twitter.com"" rel=""nofollow"">Twitter Web App</a>","x1428000022033965068","x780551700432117760","StarTrek_Lt",,,,FALSE,0,1,TRUE,FALSE,"en",,
2021-08-18 14:22:10,"x1427999263712219147","@StarTrek_Lt Written art has the same thing - it's not just words, it's *how* it looks, *why* it was done that way‚Ä¶ https://t.co/u6CBq7w2TG",TRUE,"<a href=""https://mobile.twitter.com"" rel=""nofollow"">Twitter Web App</a>","x1427998986863058944","x1368922782428495872","ScaredCharlotte",,,,FALSE,0,0,FALSE,FALSE,"en",,
2021-08-18 14:21:04,"x1427998986863058944","@StarTrek_Lt Writing conveys meaning, but the style might be difficult to read - but it doesn't mean it's not legib‚Ä¶ https://t.co/0nlDFYMtkv",TRUE,"<a href=""https://mobile.twitter.com"" rel=""nofollow"">Twitter Web App</a>","x1427997979047170053","x780551700432117760","StarTrek_Lt",,,,FALSE,0,0,FALSE,FALSE,"en",,
2021-08-18 14:10:24,"x1427996306048491532","@StarTrek_Lt Cursive is just a form of that self-expression - it's like saying ""Still life's are easy to understand‚Ä¶ https://t.co/EpH5EK1HN1",TRUE,"<a href=""https://mobile.twitter.com"" rel=""nofollow"">Twitter Web App</a>","x1427995456454348806","x780551700432117760","StarTrek_Lt",,,,FALSE,0,0,FALSE,FALSE,"en",,
2021-08-18 14:02:16,"x1427994255981781006","@StarTrek_Lt That would be a sadder world to lose the self expression of writing that can't be replicated via a com‚Ä¶ https://t.co/uAdA7q1itF",TRUE,"<a href=""https://mobile.twitter.com"" rel=""nofollow"">Twitter Web App</a>","x1427993023032434696","x780551700432117760","StarTrek_Lt",,,,FALSE,0,0,FALSE,FALSE,"en",,
2021-08-18 13:55:05,"x1427992449348247555","@StarTrek_Lt Well what cursive skills would you like to see?",FALSE,"<a href=""https://mobile.twitter.com"" rel=""nofollow"">Twitter Web App</a>","x1427992222683721736","x780551700432117760","StarTrek_Lt",,,,FALSE,0,0,FALSE,FALSE,"en",,
2021-08-18 13:50:58,"x1427991414173016069","@StarTrek_Lt You can always change the font to some handwriting style should you wish üòâ",FALSE,"<a href=""https://mobile.twitter.com"" rel=""nofollow"">Twitter Web App</a>","x1427989152570609669","x780551700432117760","StarTrek_Lt",,,,FALSE,0,0,FALSE,FALSE,"en",,
2021-08-18 13:39:02,"x1427988411613388801","@StarTrek_Lt Ah ok, good to know how this works!",FALSE,"<a href=""https://mobile.twitter.com"" rel=""nofollow"">Twitter Web App</a>","x1427981798265348102","x780551700432117760","StarTrek_Lt",,,,FALSE,0,1,TRUE,FALSE,"en",,
2021-08-18 06:18:38,"x1427877580695343107","@StarTrek_Lt @rstatstweet Thanks! Have to admit I'm not a big Star Trek fan so did have to google LCARS üòÇ",FALSE,"<a href=""https://mobile.twitter.com"" rel=""nofollow"">Twitter Web App</a>","x1427728362525532160","x780551700432117760","StarTrek_Lt",,,,FALSE,0,0,FALSE,FALSE,"en",,
2021-08-18 05:19:49,"x1427862778082172931","@StarTrek_Lt Wow, this is nice! I didn't know this is possible üòç",FALSE,"<a href=""https://mobile.twitter.com"" rel=""nofollow"">Twitter Web App</a>","x1427797185773510656","x780551700432117760","StarTrek_Lt",,,,FALSE,0,0,FALSE,FALSE,"en",,
2021-08-18 04:02:20,"x1427843279467335689","@StarTrek_Lt @lunn_tamika @RLadiesGlobal Hi @StarTrek_Lt you can find a tutorial I did for @RLadiesSydney here:‚Ä¶ https://t.co/LrLy7PaIFL",TRUE,"<a href=""https://mobile.twitter.com"" rel=""nofollow"">Twitter Web App</a>","x1427827201802530819","x780551700432117760","StarTrek_Lt",,,,FALSE,0,2,TRUE,FALSE,"en",FALSE,
2021-08-18 02:13:03,"x1427815778095534080","@StarTrek_Lt ü•≥ü•≥ü•≥",FALSE,"<a href=""https://mobile.twitter.com"" rel=""nofollow"">Twitter Web App</a>","x1427809176923774981","x780551700432117760","StarTrek_Lt",,,,FALSE,0,0,FALSE,FALSE,"und",,
2021-08-17 19:32:57,"x1427715088643891202","@StarTrek_Lt The intersection of my interests üòÜ",FALSE,"<a href=""https://mobile.twitter.com"" rel=""nofollow"">Twitter Web App</a>","x1427714301360414724","x780551700432117760","StarTrek_Lt",,,,FALSE,0,1,TRUE,FALSE,"en",,
2021-08-17 17:12:11,"x1427679663908790272","@StarTrek_Lt I have people who login from Ottawa. It‚Äôs a bit of a later night, but you know üòú",FALSE,"<a href=""http://twitter.com/download/iphone"" rel=""nofollow"">Twitter for iPhone</a>","x1427665665578606597","x780551700432117760","StarTrek_Lt",,,,FALSE,0,0,FALSE,FALSE,"en",,
2021-08-17 17:11:50,"x1427679576293928963","@StarTrek_Lt @rstatstweet Figured it out. It was literally the \ in ""images\image"". Tried knitting on windows with‚Ä¶ https://t.co/YzPUUdFyAI",TRUE,"<a href=""https://mobile.twitter.com"" rel=""nofollow"">Twitter Web App</a>","x1427675061457014790","x780551700432117760","StarTrek_Lt",,,,FALSE,0,0,FALSE,FALSE,"en",,
2021-08-17 16:52:38,"x1427674743751122952","@StarTrek_Lt @rstatstweet Funny part is the . isn't anywhere in the image line. And the image call is in the css fi‚Ä¶ https://t.co/bl2oLOpT3J",TRUE,"<a href=""https://mobile.twitter.com"" rel=""nofollow"">Twitter Web App</a>","x1427673590598496261","x780551700432117760","StarTrek_Lt",,,,FALSE,0,0,FALSE,FALSE,"en",,
2021-08-17 13:52:33,"x1427629424325931018","@StarTrek_Lt @jarrahpenguin Thanks!",FALSE,"<a href=""http://twitter.com/download/android"" rel=""nofollow"">Twitter for Android</a>","x1427628613411672067","x780551700432117760","StarTrek_Lt",,,,FALSE,0,1,TRUE,FALSE,"en",,
2021-08-17 13:36:37,"x1427625412675448847","@StarTrek_Lt @jarrahpenguin I get that, but which episode exactly was written by two female writers? I'm curious. Or has I got it wrong?",FALSE,"<a href=""http://twitter.com/download/android"" rel=""nofollow"">Twitter for Android</a>","x1427624598992920576","x780551700432117760","StarTrek_Lt",,,,FALSE,0,0,FALSE,FALSE,"en",,
2021-08-17 11:16:02,"x1427590034887163908","@StarTrek_Lt @jarrahpenguin What episode that was?",FALSE,"<a href=""http://twitter.com/download/android"" rel=""nofollow"">Twitter for Android</a>","x1425170406466461696","x780551700432117760","StarTrek_Lt",,,,FALSE,0,0,FALSE,FALSE,"en",,
2021-08-17 03:27:53,"x1427472220763344898","@StarTrek_Lt @jarrahpenguin @WomenWhoCode @StarTrekNetflix @wcruz73 @StarTrek @TrekkieRN_NP @StarTrekRoom @GirlTrek @trekpodcast Thanks",FALSE,"<a href=""http://twitter.com/download/android"" rel=""nofollow"">Twitter for Android</a>","x1427470143265804307","x780551700432117760","StarTrek_Lt",,,,FALSE,0,1,TRUE,FALSE,"en",,
2021-08-17 03:27:30,"x1427472126190129174","@StarTrek_Lt It's not",FALSE,"<a href=""http://twitter.com/download/android"" rel=""nofollow"">Twitter for Android</a>","x1427453717452791860","x780551700432117760","StarTrek_Lt",,,,FALSE,0,0,FALSE,FALSE,"en",,
2021-08-17 03:06:39,"x1427466879388594183","@StarTrek_Lt @WomenWhoCode @StarTrekNetflix @wcruz73 @StarTrek @TrekkieRN_NP @StarTrekRoom @GirlTrek @trekpodcast T‚Ä¶ https://t.co/fiTh6yQrDw",TRUE,"<a href=""http://twitter.com/download/iphone"" rel=""nofollow"">Twitter for iPhone</a>","x1427460715493822466","x780551700432117760","StarTrek_Lt",,,,FALSE,0,0,FALSE,FALSE,"en",,
2021-08-17 03:05:06,"x1427466488420634627","@StarTrek_Lt @jarrahpenguin @WomenWhoCode @StarTrekNetflix @wcruz73 @StarTrek @TrekkieRN_NP @StarTrekRoom @GirlTrek‚Ä¶ https://t.co/XUW21cKbwZ",TRUE,"<a href=""http://twitter.com/download/android"" rel=""nofollow"">Twitter for Android</a>","x1427417349682974721","x780551700432117760","StarTrek_Lt",,,,FALSE,0,0,FALSE,FALSE,"en",,
2021-08-17 02:36:54,"x1427459393247924228","@StarTrek_Lt @WomenWhoCode @StarTrekNetflix @wcruz73 @StarTrek @TrekkieRN_NP @StarTrekRoom @GirlTrek @trekpodcast F‚Ä¶ https://t.co/fAsjPFn4st",TRUE,"<a href=""http://twitter.com/download/iphone"" rel=""nofollow"">Twitter for iPhone</a>","x1427458371712544772","x780551700432117760","StarTrek_Lt",,,,FALSE,0,0,FALSE,FALSE,"en",,
2021-08-17 02:31:04,"x1427457923047956484","@StarTrek_Lt @WomenWhoCode @StarTrekNetflix @wcruz73 @StarTrek @TrekkieRN_NP @StarTrekRoom @GirlTrek @trekpodcast O‚Ä¶ https://t.co/gPPwPjpsxW",TRUE,"<a href=""http://twitter.com/download/iphone"" rel=""nofollow"">Twitter for iPhone</a>","x1427447880197971970","x780551700432117760","StarTrek_Lt",,,,FALSE,0,0,FALSE,FALSE,"en",,
2021-08-17 01:49:24,"x1427447436746821636","@StarTrek_Lt @WomenWhoCode @StarTrekNetflix @wcruz73 @StarTrek @TrekkieRN_NP @StarTrekRoom @GirlTrek @trekpodcast C‚Ä¶ https://t.co/UYRlYyPNTK",TRUE,"<a href=""http://twitter.com/download/iphone"" rel=""nofollow"">Twitter for iPhone</a>","x1427417349682974721","x780551700432117760","StarTrek_Lt",,,,FALSE,0,0,FALSE,FALSE,"en",,
2021-08-17 00:52:34,"x1427433133847326727","@StarTrek_Lt thanks!",FALSE,"<a href=""https://mobile.twitter.com"" rel=""nofollow"">Twitter Web App</a>","x1427431759528947734","x780551700432117760","StarTrek_Lt",,,,FALSE,0,0,FALSE,FALSE,"en",,
2021-08-17 00:44:08,"x1427431012410220549","@StarTrek_Lt I haven't looked, sorry! I know some schools received funding to upgrade air circulation/filtration, a‚Ä¶ https://t.co/MSw43U3YH6",TRUE,"<a href=""https://mobile.twitter.com"" rel=""nofollow"">Twitter Web App</a>","x1427430569651040283","x780551700432117760","StarTrek_Lt",,,,FALSE,0,0,FALSE,FALSE,"en",,
